time,latitude,longitude,depth,mag,magType,nst,gap,dmin,rms,net,id,updated,place,type,horizontalError,depthError,magError,magNst,status,locationSource,magSource
2023-12-31T17:48:00.390Z,32.408,-115.2575,5.67,2.24,ml,26.0,50,0.04178,0.31,ci,ci40453127,2024-01-03T15:09:19.978Z,"8 km NW of Delta, B.C., MX",earthquake,0.44,1.23,0.244,19,reviewed,ci,ci
2023-12-31T17:37:19.970Z,32.3983333,-115.2511667,4.44,2.04,ml,21.0,53,0.05019,0.28,ci,ci40453111,2024-01-11T23:13:12.389Z,"7 km NW of Delta, B.C., MX",earthquake,0.39,1.23,0.266,14,reviewed,ci,ci
2023-12-31T17:33:49.460Z,32.3973333,-115.249,3.81,2.26,ml,24.0,53,0.05227,0.36,ci,ci40453103,2024-01-03T15:39:11.136Z,"7 km NW of Delta, B.C., MX",earthquake,0.47,1.06,0.27,18,reviewed,ci,ci
2023-12-31T17:29:34.210Z,32.3976667,-115.2608333,5.33,2.44,ml,34.0,43,0.04324,0.34,ci,ci40453095,2024-01-02T21:42:48.168Z,"8 km NW of Delta, B.C., MX",earthquake,0.38,0.93,0.238,22,reviewed,ci,ci
2023-12-29T11:16:40.980Z,32.423,-115.521,9.61,2.13,ml,24.0,141,0.1254,0.36,ci,ci40452423,2024-01-03T01:39:16.818Z,"18 km SSE of Progreso, B.C., MX",earthquake,0.73,1.31,0.232,23,reviewed,ci,ci
2023-12-29T11:09:49.370Z,32.4108333,-115.5455,1.07,2.59,ml,41.0,60,0.1302,0.29,ci,ci40452415,2024-03-02T21:39:30.040Z,"19 km S of Progreso, B.C., MX",earthquake,0.3,0.74,0.141,57,reviewed,ci,ci
2023-12-29T04:16:42.880Z,32.4106667,-115.5328333,3.17,2.19,ml,29.0,65,0.1333,0.24,ci,ci40452303,2024-01-02T21:58:59.281Z,"19 km SSE of Progreso, B.C., MX",earthquake,0.33,0.93,0.157,40,reviewed,ci,ci
2023-12-29T03:57:54.270Z,32.416,-115.5236667,4.42,2.69,ml,37.0,58,0.1309,0.29,ci,ci40452295,2024-03-02T21:39:30.040Z,"19 km SSE of Progreso, B.C., MX",earthquake,0.32,1.35,0.216,26,reviewed,ci,ci
2023-12-27T10:11:42.239Z,32.1715,-117.7049,10.0,2.3,ml,16.0,226,0.894,0.83,us,us6000lzzv,2024-03-02T21:39:30.040Z,"65 km WSW of La Esperanza [Granjas Familiares], Mexico",earthquake,2.29,2.003,0.074,24,reviewed,us,us
2023-12-26T21:27:46.133Z,31.6114,-114.3799,27.41,2.8,ml,32.0,139,0.7,0.62,us,us6000lzxg,2024-03-02T21:39:31.040Z,"13 km SE of Golfo de Santa Clara, Mexico",earthquake,3.77,3.853,0.056,42,reviewed,us,us
2023-12-21T21:29:27.620Z,31.9036667,-117.2583333,21.66,3.24,ml,23.0,238,0.4819,0.26,ci,ci40449327,2024-02-27T22:57:04.040Z,"48 km SW of Primo Tapia, B.C., MX",earthquake,0.89,1.24,0.161,60,reviewed,ci,ci
2023-12-21T04:09:18.460Z,31.567,-115.6198333,10.95,2.81,ml,12.0,65,0.2243,0.19,ci,ci40448967,2024-02-27T22:57:03.040Z,"85 km SSW of Alberto Oviedo Mota, B.C., MX",earthquake,0.34,1.09,0.16,10,reviewed,ci,ci
2023-12-18T08:32:39.030Z,31.529,-115.6095,10.39,2.93,ml,11.0,68,0.2026,0.19,ci,ci40446727,2024-02-27T22:57:00.040Z,"88 km SSW of Alberto Oviedo Mota, B.C., MX",earthquake,0.3,1.01,0.161,47,reviewed,ci,ci
2023-12-15T01:37:39.615Z,31.2847,-114.2179,10.0,2.8,ml,14.0,177,0.596,0.56,us,us7000lj5v,2024-02-17T22:43:10.040Z,"51 km SSE of Golfo de Santa Clara, Mexico",earthquake,2.55,1.976,0.071,26,reviewed,us,us
2023-12-10T21:03:58.230Z,32.4385,-115.4823333,14.21,2.26,ml,30.0,62,0.1512,0.26,ci,ci40618784,2023-12-14T20:07:30.492Z,"18 km SSE of Progreso, B.C., MX",earthquake,0.33,1.16,0.165,50,reviewed,ci,ci
2023-12-09T11:20:55.843Z,28.0706,-112.189,10.0,4.1,mb,24.0,133,0.749,0.94,us,us7000lhqi,2024-02-10T23:47:45.040Z,"81 km N of Santa Rosalía, Mexico",earthquake,5.31,1.974,0.151,12,reviewed,us,us
2023-12-08T07:47:38.890Z,31.8295,-116.188,19.92,2.0,ml,14.0,75,0.2687,0.24,ci,ci40617488,2023-12-15T00:50:04.899Z,"38 km ENE of Maneadero, B.C., MX",earthquake,0.47,1.86,0.129,5,reviewed,ci,ci
2023-12-05T06:14:51.590Z,32.2768333,-116.3553333,17.39,2.12,ml,33.0,83,0.2636,0.21,ci,ci40616192,2023-12-05T21:01:21.310Z,"38 km SSE of Campo, CA",earthquake,0.37,0.83,0.201,19,reviewed,ci,ci
2023-12-04T17:04:57.070Z,31.8471667,-116.1801667,17.54,2.42,ml,19.0,74,0.2523,0.23,ci,ci39722746,2023-12-15T00:51:05.035Z,"39 km ENE of Maneadero, B.C., MX",earthquake,0.42,1.05,0.118,48,reviewed,ci,ci
2023-11-28T04:11:07.246Z,27.5951,-111.4402,10.0,4.2,mb,32.0,116,0.763,0.69,us,us7000le8s,2024-02-06T21:53:53.040Z,"56 km SW of San Carlos, Mexico",earthquake,4.54,1.953,0.079,44,reviewed,us,us
2023-11-23T13:02:07.600Z,31.7335,-116.2265,5.37,2.48,ml,18.0,90,0.3596,0.26,ci,ci39717042,2024-02-01T15:13:43.040Z,"32 km E of Maneadero, B.C., MX",earthquake,0.39,31.61,0.147,23,reviewed,ci,ci
2023-11-18T02:44:30.000Z,32.3991667,-115.1245,8.15,2.55,ml,25.0,68,0.05052,0.33,ci,ci39714514,2024-01-26T16:37:27.040Z,"8 km NE of Delta, B.C., MX",earthquake,0.43,1.61,0.129,11,reviewed,ci,ci
2023-11-17T15:18:46.390Z,32.4145,-115.2221667,7.49,2.03,ml,17.0,63,0.07024,0.26,ci,ci39714242,2023-11-17T19:38:20.296Z,"7 km NNW of Delta, B.C., MX",earthquake,0.4,1.22,0.332,16,reviewed,ci,ci
2023-11-17T15:10:32.760Z,32.4016667,-115.2116667,6.51,2.95,ml,15.0,69,0.08092,0.21,ci,ci37591324,2024-01-26T16:37:28.040Z,"6 km NNW of Delta, B.C., MX",earthquake,0.33,0.98,0.175,24,reviewed,ci,ci
2023-11-17T15:10:22.240Z,32.418,-115.2213333,9.44,2.86,ml,33.0,48,0.07078,0.3,ci,ci39714234,2024-01-26T16:37:28.040Z,"8 km NNW of Delta, B.C., MX",earthquake,0.34,0.89,0.241,29,reviewed,ci,ci
2023-11-17T14:11:20.380Z,32.3985,-115.1836667,18.73,2.75,ml,22.0,62,0.08021,0.34,ci,ci39714210,2024-01-26T16:37:28.040Z,"5 km N of Delta, B.C., MX",earthquake,0.61,1.34,0.223,18,reviewed,ci,ci
2023-11-17T11:10:14.820Z,32.4116667,-115.2231667,7.31,2.17,ml,24.0,47,0.06965,0.3,ci,ci39714162,2023-11-17T19:23:12.897Z,"7 km NNW of Delta, B.C., MX",earthquake,0.39,1.38,0.247,16,reviewed,ci,ci
2023-11-17T09:40:28.200Z,32.415,-115.1981667,11.43,3.35,ml,32.0,53,0.08231,0.31,ci,ci39714146,2024-01-26T16:37:29.040Z,"7 km N of Delta, B.C., MX",earthquake,0.34,0.81,0.149,163,reviewed,ci,ci
2023-11-14T10:29:02.950Z,32.2835,-115.3406667,0.42,2.0,ml,24.0,66,0.1389,0.23,ci,ci39712938,2023-11-14T16:10:01.393Z,"16 km WSW of Delta, B.C., MX",earthquake,0.29,0.76,0.199,16,reviewed,ci,ci
2023-11-14T07:55:07.010Z,32.2508333,-115.3216667,0.1,2.36,ml,29.0,70,0.1198,0.21,ci,ci39712922,2023-11-14T15:57:12.892Z,"14 km W of Alberto Oviedo Mota, B.C., MX",earthquake,0.22,0.55,0.144,16,reviewed,ci,ci
2023-11-13T22:38:34.840Z,32.2268333,-115.26,11.17,2.9,ml,31.0,56,0.09284,0.39,ci,ci39712770,2024-01-26T16:37:36.040Z,"8 km W of Alberto Oviedo Mota, B.C., MX",earthquake,0.43,0.88,0.317,24,reviewed,ci,ci
2023-11-13T08:58:11.960Z,32.3686667,-115.2293333,11.87,2.04,ml,22.0,51,0.08165,0.33,ci,ci39712410,2023-11-13T20:27:06.601Z,"4 km WNW of Delta, B.C., MX",earthquake,0.61,1.35,0.273,16,reviewed,ci,ci
2023-11-13T07:07:48.263Z,25.7449,-110.139,10.0,4.5,mb,145.0,131,1.002,0.59,us,us7000lale,2024-01-26T16:37:37.040Z,"81 km W of Las Grullas Margen Derecha, Mexico",earthquake,4.39,1.899,0.05,119,reviewed,us,us
2023-11-10T09:37:21.370Z,31.475,-115.6523333,12.31,2.38,ml,8.0,79,0.14,0.1,ci,ci39711146,2023-11-10T17:00:37.159Z,"91 km ESE of Maneadero, B.C., MX",earthquake,0.24,0.84,0.194,3,reviewed,ci,ci
2023-11-10T06:17:45.210Z,31.9708333,-116.6058333,14.49,2.04,ml,18.0,106,0.2502,0.19,ci,ci39711090,2023-11-10T16:04:13.641Z,"11 km NE of El Sauzal, B.C., MX",earthquake,0.37,0.85,0.16,13,reviewed,ci,ci
2023-11-06T10:03:56.000Z,32.282,-115.1245,11.49,2.01,ml,20.0,65,0.03451,0.33,ci,ci39709114,2023-11-06T18:37:29.288Z,"2 km WSW of Guadalupe Victoria, B.C., MX",earthquake,0.45,0.69,0.202,11,reviewed,ci,ci
2023-11-03T16:26:29.240Z,32.3361667,-115.3946667,0.19,2.04,ml,20.0,68,0.2104,0.26,ci,ci39706474,2023-11-03T23:29:14.592Z,"19 km W of Delta, B.C., MX",earthquake,0.38,1.1,0.279,14,reviewed,ci,ci
2023-11-03T09:52:10.760Z,32.3901667,-115.2541667,7.24,2.13,ml,24.0,47,0.052,0.33,ci,ci39706178,2023-11-03T21:32:21.921Z,"7 km NW of Delta, B.C., MX",earthquake,0.53,1.16,0.233,22,reviewed,ci,ci
2023-11-03T02:40:37.050Z,32.3926667,-115.258,7.94,2.38,ml,23.0,48,0.04792,0.36,ci,ci39705794,2023-11-03T18:40:56.975Z,"7 km NW of Delta, B.C., MX",earthquake,0.6,1.42,0.174,25,reviewed,ci,ci
2023-10-29T22:43:06.270Z,32.0268333,-116.1925,9.35,2.1,ml,25.0,67,0.2089,0.2,ci,ci40590968,2023-10-30T17:11:41.001Z,"44 km ENE of Ensenada, B.C., MX",earthquake,0.34,1.35,0.155,25,reviewed,ci,ci
2023-10-28T17:54:38.000Z,32.1413333,-115.1353333,10.2,3.0,ml,24.0,55,0.1259,0.37,ci,ci40590352,2024-01-04T04:22:40.040Z,"10 km SSE of Alberto Oviedo Mota, B.C., MX",earthquake,0.69,1.17,0.155,31,reviewed,ci,ci
2023-10-28T05:29:31.610Z,31.8923333,-116.0923333,11.98,2.9,ml,27.0,62,0.1662,0.23,ci,ci40590016,2024-01-04T04:22:34.040Z,"49 km ENE of Maneadero, B.C., MX",earthquake,0.3,1.1,0.135,104,reviewed,ci,ci
2023-10-19T16:30:09.170Z,32.2281667,-115.2401667,10.75,2.13,ml,17.0,103,0.07723,0.29,ci,ci40584272,2023-10-19T17:32:56.395Z,"7 km W of Alberto Oviedo Mota, B.C., MX",earthquake,0.47,0.88,0.278,15,reviewed,ci,ci
2023-10-17T23:14:47.490Z,32.138,-115.1351667,19.64,2.73,ml,21.0,88,0.1266,0.25,ci,ci40583624,2023-12-26T21:24:30.040Z,"10 km SSE of Alberto Oviedo Mota, B.C., MX",earthquake,0.47,0.65,0.221,21,reviewed,ci,ci
2023-10-16T02:29:42.290Z,31.6876667,-115.7015,6.06,2.52,ml,21.0,71,0.3036,0.29,ci,ci40582920,2023-12-26T21:25:12.040Z,"78 km SW of Alberto Oviedo Mota, B.C., MX",earthquake,0.36,1.46,0.17,38,reviewed,ci,ci
2023-10-10T14:31:13.900Z,32.1385,-115.1288333,18.6,2.4,ml,15.0,119,0.1297,0.25,ci,ci40580536,2023-10-10T17:22:39.942Z,"11 km SSE of Alberto Oviedo Mota, B.C., MX",earthquake,0.52,0.53,0.205,34,reviewed,ci,ci
2023-10-10T03:36:02.691Z,31.4807,-115.6488,14.529,2.4,ml,25.0,69,0.146,0.51,us,us6000lef7,2023-12-16T22:13:05.040Z,"59 km ENE of San Vicente, Mexico",earthquake,1.06,5.834,0.064,32,reviewed,us,us
2023-10-10T01:53:35.746Z,31.4853,-115.6373,14.041,2.7,ml,46.0,69,0.157,0.52,us,us6000leew,2023-12-16T22:13:05.040Z,"60 km ENE of San Vicente, Mexico",earthquake,0.95,6.224,0.059,38,reviewed,us,us
2023-10-09T23:37:46.141Z,31.4566,-115.6207,23.045,2.2,ml,18.0,71,0.154,0.57,us,us6000leeh,2023-12-16T22:13:05.040Z,"61 km ENE of San Vicente, Mexico",earthquake,2.21,6.833,0.074,24,reviewed,us,us
2023-10-08T21:57:56.400Z,31.8621667,-116.16,18.43,2.07,ml,23.0,76,0.2296,0.24,ci,ci40579168,2023-10-10T17:28:01.196Z,"42 km ENE of Maneadero, B.C., MX",earthquake,0.33,1.02,0.125,19,reviewed,ci,ci
2023-10-04T02:31:31.180Z,32.459,-115.5531667,6.61,2.04,ml,29.0,53,0.08214,0.27,ci,ci40576584,2023-10-05T22:03:31.622Z,"14 km SSE of Progreso, B.C., MX",earthquake,0.3,1.03,0.13,26,reviewed,ci,ci
2023-10-03T02:04:48.580Z,31.5145,-115.6573333,13.31,2.12,ml,8.0,98,0.1636,0.15,ci,ci40575792,2023-10-03T14:15:16.940Z,"89 km ESE of Maneadero, B.C., MX",earthquake,0.37,1.19,0.207,2,reviewed,ci,ci
2023-09-29T17:00:25.731Z,31.3907,-115.3899,10.0,2.9,ml,51.0,80,0.3,0.61,us,us6000lbr5,2023-12-09T22:00:41.040Z,"66 km NW of San Felipe, Mexico",earthquake,0.78,1.956,0.05,52,reviewed,us,us
2023-09-28T23:44:53.320Z,31.8246667,-116.1605,5.37,2.49,ml,17.0,76,0.2548,0.38,ci,ci40574184,2023-12-09T22:00:41.040Z,"40 km ENE of Maneadero, B.C., MX",earthquake,0.55,31.61,0.138,59,reviewed,ci,ci
2023-09-28T10:50:20.712Z,32.2208,-110.5104,11.504,3.1,ml,11.0,127,0.249,0.71,us,us6000lbcm,2024-01-20T20:20:20.503Z,"21 km E of Tanque Verde, Arizona",earthquake,4.24,7.005,0.06,36,reviewed,us,us
2023-09-28T01:09:20.580Z,32.3556667,-115.347,14.54,2.0,ml,19.0,59,0.0729,0.28,ci,ci40573736,2023-09-28T17:31:39.002Z,"14 km W of Delta, B.C., MX",earthquake,0.46,1.28,0.141,17,reviewed,ci,ci
2023-09-27T08:06:48.790Z,32.0986667,-116.4603333,21.24,2.19,ml,24.0,109,0.2746,0.21,ci,ci40573288,2023-09-27T16:18:03.189Z,"30 km NNE of Ensenada, B.C., MX",earthquake,0.38,1.16,0.197,10,reviewed,ci,ci
2023-09-26T22:55:07.250Z,32.0346667,-116.1751667,14.97,2.03,ml,21.0,87,0.1953,0.19,ci,ci40573160,2023-09-26T23:16:58.674Z,"46 km ENE of Ensenada, B.C., MX",earthquake,0.43,1.12,0.214,17,reviewed,ci,ci
2023-09-22T20:38:41.110Z,32.2993333,-116.3385,17.48,2.27,ml,32.0,80,0.2756,0.19,ci,ci40570568,2023-09-25T21:14:33.510Z,"36 km SSE of Campo, CA",earthquake,0.27,0.82,0.117,19,reviewed,ci,ci
2023-09-22T15:08:32.850Z,32.3338333,-115.2991667,2.58,2.05,ml,20.0,55,0.1356,0.3,ci,ci40570344,2023-09-22T16:56:50.803Z,"10 km WSW of Delta, B.C., MX",earthquake,0.38,0.95,0.244,13,reviewed,ci,ci
2023-09-14T07:32:51.010Z,28.0038,-112.1522,10.0,4.0,mb,29.0,120,0.686,0.54,us,us7000kvns,2023-11-18T22:29:34.040Z,"74 km N of Santa Rosalía, Mexico",earthquake,4.92,1.99,0.172,9,reviewed,us,us
2023-09-09T21:35:57.200Z,32.0403333,-116.2108333,16.18,2.91,ml,30.0,84,0.2261,0.23,ci,ci39662050,2023-11-17T19:47:45.040Z,"43 km ENE of Ensenada, B.C., MX",earthquake,0.31,1.25,0.163,71,reviewed,ci,ci
2023-09-02T04:14:40.740Z,32.3766667,-115.129,10.08,2.16,ml,23.0,76,0.07321,0.26,ci,ci39657186,2023-09-05T17:19:16.924Z,"6 km ENE of Delta, B.C., MX",earthquake,0.36,0.77,0.159,11,reviewed,ci,ci
2023-09-01T04:07:53.110Z,32.3861667,-115.1426667,11.0,2.54,ml,26.0,68,0.068,0.29,ci,ci39656442,2023-11-04T21:36:08.040Z,"6 km NE of Delta, B.C., MX",earthquake,0.45,0.82,0.083,25,reviewed,ci,ci
2023-08-31T21:40:28.110Z,32.3731667,-115.119,11.0,2.31,ml,19.0,81,0.0752,0.25,ci,ci39656330,2023-09-01T18:07:51.385Z,"7 km ENE of Delta, B.C., MX",earthquake,0.44,0.79,0.17,15,reviewed,ci,ci
2023-08-31T21:38:48.240Z,32.3893333,-115.1421667,6.49,2.38,ml,21.0,68,0.06497,0.25,ci,ci39656322,2023-09-01T17:59:07.510Z,"6 km NE of Delta, B.C., MX",earthquake,0.42,1.45,0.178,24,reviewed,ci,ci
2023-08-31T13:36:49.230Z,32.3726667,-115.1146667,10.2,2.32,ml,16.0,83,0.07537,0.21,ci,ci39655826,2023-08-31T22:21:37.197Z,"8 km ENE of Delta, B.C., MX",earthquake,0.38,0.67,0.226,17,reviewed,ci,ci
2023-08-31T12:54:26.180Z,31.6278333,-115.9938333,8.32,2.54,ml,11.0,75,0.2961,0.15,ci,ci39655810,2023-11-04T21:36:04.040Z,"55 km E of Maneadero, B.C., MX",earthquake,0.25,1.34,0.182,14,reviewed,ci,ci
2023-08-31T09:38:37.480Z,32.3818333,-115.1313333,7.41,2.23,ml,25.0,70,0.06872,0.3,ci,ci39655762,2023-08-31T19:06:32.137Z,"6 km ENE of Delta, B.C., MX",earthquake,0.42,1.22,0.125,12,reviewed,ci,ci
2023-08-30T22:32:41.680Z,32.4025,-115.2388333,11.82,2.18,ml,24.0,50,0.05848,0.37,ci,ci39655474,2023-08-31T13:58:32.383Z,"7 km NW of Delta, B.C., MX",earthquake,0.56,1.16,0.264,15,reviewed,ci,ci
2023-08-30T07:10:20.000Z,31.8871667,-116.144,18.53,2.39,ml,26.0,65,0.2038,0.21,ci,ci39654738,2023-09-08T23:37:30.119Z,"44 km ENE of Maneadero, B.C., MX",earthquake,0.28,0.68,0.125,55,reviewed,ci,ci
2023-08-28T12:40:17.163Z,30.9445,-116.1509,10.0,3.4,ml,25.0,243,0.401,0.76,us,us7000krgs,2023-11-04T21:35:41.040Z,"2 km SE of Las Brisas, Mexico",earthquake,3.39,2.004,0.047,60,reviewed,us,us
2023-08-28T02:02:00.440Z,32.3565,-115.058,18.59,2.03,ml,14.0,128,0.05558,0.31,ci,ci39652794,2023-08-29T18:12:54.936Z,"9 km NNE of Guadalupe Victoria, B.C., MX",earthquake,0.68,0.9,0.249,14,reviewed,ci,ci
2023-08-27T16:02:58.180Z,31.9998333,-116.2693333,19.23,2.01,ml,17.0,77,0.2731,0.2,ci,ci39652474,2023-08-28T20:23:35.070Z,"36 km ENE of Ensenada, B.C., MX",earthquake,0.42,1.66,0.134,18,reviewed,ci,ci
2023-08-27T02:53:31.890Z,31.8255,-115.812,10.57,2.22,ml,15.0,87,0.2018,0.21,ci,ci39652186,2023-09-07T17:14:56.106Z,"72 km E of Maneadero, B.C., MX",earthquake,0.35,0.81,0.124,15,reviewed,ci,ci
2023-08-26T22:30:38.090Z,31.7723333,-115.8786667,13.89,2.01,ml,14.0,94,0.2392,0.21,ci,ci39652074,2023-09-07T18:32:41.070Z,"65 km E of Maneadero, B.C., MX",earthquake,0.36,0.9,0.276,9,reviewed,ci,ci
2023-08-20T06:24:26.520Z,32.2823333,-115.109,20.61,2.91,ml,30.0,90,0.1653,0.28,ci,ci39645170,2023-10-28T19:15:32.040Z,"1 km SW of Guadalupe Victoria, B.C., MX",earthquake,0.41,0.91,0.222,53,reviewed,ci,ci
2023-08-18T21:29:41.020Z,32.3941667,-115.1401667,7.52,2.48,ml,20.0,72,0.05989,0.31,ci,ci39644234,2023-10-27T21:39:04.040Z,"7 km NE of Delta, B.C., MX",earthquake,0.54,1.79,0.096,23,reviewed,ci,ci
2023-08-18T16:53:19.190Z,32.4016667,-115.1275,8.26,3.19,ml,22.0,80,0.04887,0.26,ci,ci39643994,2023-10-27T21:39:04.040Z,"8 km NE of Delta, B.C., MX",earthquake,0.62,1.44,0.124,137,reviewed,ci,ci
2023-08-18T10:46:10.340Z,32.3973333,-115.1366667,10.81,3.67,mw,32.0,67,0.05577,0.29,ci,ci39643754,2023-10-27T21:39:03.040Z,"7 km NE of Delta, B.C., MX",earthquake,0.35,0.77,,4,reviewed,ci,ci
2023-08-18T06:26:45.340Z,32.4008333,-115.1158333,8.01,2.08,ml,17.0,75,0.04748,0.19,ci,ci39643586,2023-08-18T20:17:23.216Z,"9 km NE of Delta, B.C., MX",earthquake,0.38,1.11,0.267,4,reviewed,ci,ci
2023-08-18T06:25:17.380Z,32.3968333,-115.1353333,7.96,2.44,ml,20.0,72,0.05576,0.27,ci,ci39643578,2023-08-18T18:45:27.667Z,"7 km NE of Delta, B.C., MX",earthquake,0.57,0.92,0.163,27,reviewed,ci,ci
2023-08-15T01:15:01.430Z,32.3933333,-115.1153333,9.18,2.11,ml,16.0,86,0.05487,0.24,ci,ci40537048,2023-08-15T16:13:47.749Z,"8 km ENE of Delta, B.C., MX",earthquake,0.45,1.06,0.138,6,reviewed,ci,ci
2023-08-12T17:58:33.080Z,31.3225,-114.324,1.37,3.36,ml,5.0,167,0.5335,0.13,ci,ci40535408,2023-08-15T16:48:15.862Z,"116 km SSE of Estacion Coahuila, B.C., MX",earthquake,0.55,1.47,0.195,18,reviewed,ci,ci
2023-08-12T15:18:22.160Z,32.2145,-115.2418333,13.23,2.02,ml,15.0,104,0.08583,0.27,ci,ci40535256,2023-08-15T16:44:11.843Z,"7 km WSW of Alberto Oviedo Mota, B.C., MX",earthquake,0.46,0.91,0.208,13,reviewed,ci,ci
2023-08-12T10:56:32.360Z,32.3818333,-115.1408333,10.2,2.55,ml,25.0,69,0.07135,0.26,ci,ci40535104,2023-10-17T22:01:31.040Z,"6 km ENE of Delta, B.C., MX",earthquake,0.39,0.9,0.182,19,reviewed,ci,ci
2023-08-12T09:35:57.300Z,32.3913333,-115.146,7.78,2.01,ml,20.0,71,0.06468,0.25,ci,ci40535096,2023-08-13T17:20:35.269Z,"6 km NE of Delta, B.C., MX",earthquake,0.37,0.74,0.184,12,reviewed,ci,ci
2023-08-11T22:43:42.320Z,32.4283333,-115.4853333,11.07,2.7,ml,37.0,56,0.1361,0.26,ci,ci40534808,2023-10-17T22:01:30.040Z,"19 km SSE of Progreso, B.C., MX",earthquake,0.27,0.73,0.235,25,reviewed,ci,ci
2023-08-10T16:25:20.920Z,32.3921667,-115.1331667,11.26,2.63,ml,19.0,74,0.0594,0.24,ci,ci40533336,2023-10-17T22:01:29.040Z,"7 km NE of Delta, B.C., MX",earthquake,0.47,0.71,0.154,25,reviewed,ci,ci
2023-08-09T20:03:08.589Z,25.7684,-110.0928,10.0,4.5,mb,75.0,172,2.468,0.67,us,us6000kyxh,2023-10-17T22:01:29.040Z,"76 km W of Las Grullas Margen Derecha, Mexico",earthquake,6.18,1.659,0.046,143,reviewed,us,us
2023-08-08T20:52:56.160Z,31.8878333,-116.1933333,17.75,2.32,ml,19.0,71,0.239,0.26,ci,ci40532088,2023-08-09T17:21:57.261Z,"40 km ENE of Maneadero, B.C., MX",earthquake,0.36,1.05,0.129,40,reviewed,ci,ci
2023-08-08T18:21:00.560Z,32.372,-115.1196667,16.95,2.7,ml,16.0,75,0.07642,0.2,ci,ci40531952,2023-10-17T22:01:28.040Z,"7 km ENE of Delta, B.C., MX",earthquake,0.46,0.75,0.122,25,reviewed,ci,ci
2023-08-08T15:58:35.000Z,32.3811667,-115.1225,15.6,3.58,ml,31.0,70,0.06771,0.32,ci,ci40531840,2023-10-17T22:01:28.040Z,"7 km ENE of Delta, B.C., MX",earthquake,0.4,0.81,0.118,27,reviewed,ci,ci
2023-08-08T08:53:20.730Z,32.3835,-115.1373333,7.26,2.57,ml,24.0,73,0.06873,0.32,ci,ci40531720,2023-10-17T22:01:27.040Z,"6 km ENE of Delta, B.C., MX",earthquake,0.49,1.16,0.109,9,reviewed,ci,ci
2023-08-08T08:47:38.180Z,32.3788333,-115.1236667,14.3,3.35,ml,35.0,70,0.07017,0.36,ci,ci40531712,2023-10-17T22:01:27.040Z,"7 km ENE of Delta, B.C., MX",earthquake,0.44,0.96,0.108,63,reviewed,ci,ci
2023-08-06T13:31:28.820Z,31.5255,-115.6191667,9.36,2.11,ml,8.0,79,0.1942,0.15,ci,ci40530792,2023-08-07T16:31:54.832Z,"89 km SSW of Alberto Oviedo Mota, B.C., MX",earthquake,0.34,1.53,0.148,6,reviewed,ci,ci
2023-08-01T21:11:51.340Z,32.496,-117.9126667,5.86,2.22,ml,19.0,214,0.5675,0.29,ci,ci39627194,2023-08-02T00:08:41.518Z,"54 km SE of San Clemente Is. (SE tip), CA",earthquake,1.42,31.61,0.111,46,reviewed,ci,ci
2023-08-01T07:00:34.760Z,31.7876667,-116.1413333,12.04,2.18,ml,12.0,78,0.2719,0.19,ci,ci39626634,2023-08-01T16:26:11.879Z,"41 km E of Maneadero, B.C., MX",earthquake,0.4,1.7,0.117,18,reviewed,ci,ci
2023-07-29T11:34:56.700Z,31.6886667,-115.9441667,9.86,2.19,ml,19.0,104,0.3152,0.2,ci,ci39625058,2023-07-30T15:11:42.934Z,"59 km E of Maneadero, B.C., MX",earthquake,0.32,0.97,0.262,9,reviewed,ci,ci
2023-07-29T10:40:15.870Z,32.23,-115.2845,2.7,2.56,ml,22.0,76,0.09472,0.24,ci,ci39625050,2023-09-30T21:36:33.040Z,"11 km W of Alberto Oviedo Mota, B.C., MX",earthquake,0.43,0.77,0.206,35,reviewed,ci,ci
2023-07-25T13:06:15.520Z,31.545,-115.675,6.45,3.07,ml,13.0,99,0.1792,0.14,ci,ci39621490,2023-09-30T21:36:40.040Z,"87km ESE of Maneadero, B.C., MX",earthquake,0.25,1.24,0.094,18,reviewed,ci,ci
2023-07-25T12:22:51.080Z,32.2823333,-115.3068333,0.58,2.19,ml,16.0,68,0.1251,0.23,ci,ci39621474,2023-07-25T17:36:29.430Z,"13km SW of Delta, B.C., MX",earthquake,0.35,0.82,0.204,13,reviewed,ci,ci
2023-07-25T02:18:09.020Z,31.5536667,-115.6828333,2.81,2.57,ml,13.0,84,0.1834,0.21,ci,ci39621250,2023-09-30T21:36:40.040Z,"86km ESE of Maneadero, B.C., MX",earthquake,0.33,1.43,0.122,26,reviewed,ci,ci
2023-07-24T14:46:32.680Z,31.8623333,-114.6958333,5.99,2.77,ml,10.0,169,0.3777,0.43,ci,ci39620522,2023-09-30T21:36:39.040Z,"47km SE of Estacion Coahuila, B.C., MX",earthquake,1.21,31.61,0.233,21,reviewed,ci,ci
2023-07-24T09:41:49.830Z,31.5335,-115.6788333,6.04,2.46,ml,14.0,67,0.1678,0.19,ci,ci39620258,2023-09-30T21:36:39.040Z,"86km ESE of Maneadero, B.C., MX",earthquake,0.25,1.79,0.108,7,reviewed,ci,ci
2023-07-24T08:57:15.520Z,32.4006667,-115.2213333,12.3,2.08,ml,24.0,53,0.07322,0.28,ci,ci39620242,2023-07-24T20:58:21.840Z,"6km NNW of Delta, B.C., MX",earthquake,0.39,1.0,0.215,15,reviewed,ci,ci
2023-07-24T07:31:02.810Z,32.3203333,-115.315,11.29,3.02,ml,36.0,57,0.09924,0.36,ci,ci39620202,2023-09-30T21:36:39.040Z,"12km WSW of Delta, B.C., MX",earthquake,0.43,1.0,0.132,61,reviewed,ci,ci
2023-07-23T19:35:11.701Z,28.0837,-112.1731,10.0,4.1,mb,40.0,132,0.763,0.59,us,us7000khur,2023-09-30T21:36:39.040Z,"82 km N of Santa Rosalía, Mexico",earthquake,6.45,1.953,0.08,43,reviewed,us,us
2023-07-23T18:51:04.280Z,31.2576667,-116.817,9.56,2.78,ml,10.0,270,0.894,0.19,ci,ci39619946,2023-07-24T20:21:42.175Z,"56km SSW of Maneadero, B.C., MX",earthquake,1.05,1.33,0.106,22,reviewed,ci,ci
2023-07-23T18:05:24.989Z,28.1123,-112.1679,10.0,4.1,mb,83.0,132,0.792,0.66,us,us7000khud,2023-09-30T21:36:39.040Z,"81 km SSW of Bahía de Kino, Mexico",earthquake,6.32,1.948,0.058,83,reviewed,us,us
2023-07-22T21:22:42.530Z,31.538,-115.6733333,6.33,2.91,ml,17.0,66,0.1741,0.19,ci,ci39619506,2023-09-28T21:34:13.040Z,"87km ESE of Maneadero, B.C., MX",earthquake,0.23,1.32,0.149,27,reviewed,ci,ci
2023-07-21T01:15:31.580Z,31.5331667,-115.6746667,6.71,2.34,ml,12.0,68,0.1694,0.15,ci,ci39618098,2023-07-28T21:29:00.456Z,"87 km ESE of Maneadero, B.C., MX",earthquake,0.31,1.46,0.152,20,reviewed,ci,ci
2023-07-20T00:31:45.190Z,31.5331667,-115.6758333,7.34,2.5,ml,9.0,85,0.1689,0.15,ci,ci39617114,2023-09-28T21:33:54.040Z,"87km ESE of Maneadero, B.C., MX",earthquake,0.29,1.47,0.111,22,reviewed,ci,ci
2023-07-17T14:20:47.680Z,31.5923333,-115.669,6.07,3.12,ml,15.0,70,0.2231,0.16,ci,ci39614754,2023-09-28T21:33:38.040Z,"85km SW of Alberto Oviedo Mota, B.C., MX",earthquake,0.23,1.57,0.14,66,reviewed,ci,ci
2023-07-17T07:17:26.790Z,31.6021667,-114.4051667,5.95,2.64,ml,8.0,123,0.5674,0.25,ci,ci39614554,2023-09-28T21:33:36.040Z,"87km SE of Estacion Coahuila, B.C., MX",earthquake,0.61,31.61,0.212,29,reviewed,ci,ci
2023-07-17T03:46:31.060Z,31.5365,-115.6796667,6.52,3.86,ml,16.0,67,0.1699,0.18,ci,ci39614514,2023-09-28T21:33:34.040Z,"86km ESE of Maneadero, B.C., MX",earthquake,0.24,1.33,0.144,75,reviewed,ci,ci
2023-07-17T03:15:52.710Z,31.5405,-115.6813333,5.33,3.49,ml,14.0,93,0.1726,0.2,ci,ci39614506,2023-09-28T21:33:34.040Z,"86km ESE of Maneadero, B.C., MX",earthquake,0.34,2.13,0.133,64,reviewed,ci,ci
2023-07-17T02:36:42.086Z,31.5332,-115.6608,10.0,2.5,ml,12.0,95,0.176,0.59,us,us7000kg9b,2023-09-28T21:33:34.040Z,"60 km ENE of San Vicente, Mexico",earthquake,2.14,2.014,0.109,11,reviewed,us,us
2023-07-17T00:38:58.760Z,31.5606667,-114.4211667,5.95,3.14,ml,7.0,127,0.546,0.08,ci,ci37558052,2023-09-28T21:33:39.040Z,"89km SE of Estacion Coahuila, B.C., MX",earthquake,0.22,31.61,0.199,5,reviewed,ci,ci
2023-07-17T00:38:39.620Z,31.5803333,-114.4105,5.95,3.15,ml,7.0,125,0.5584,0.27,ci,ci39614474,2023-09-28T21:33:33.040Z,"88km SE of Estacion Coahuila, B.C., MX",earthquake,0.81,31.61,0.214,7,reviewed,ci,ci
2023-07-16T22:04:50.600Z,31.5988333,-114.4406667,5.96,2.79,ml,7.0,121,0.5372,0.31,ci,ci39614426,2023-09-28T21:33:32.040Z,"85km SE of Estacion Coahuila, B.C., MX",earthquake,0.72,31.61,0.221,10,reviewed,ci,ci
2023-07-16T21:16:02.030Z,31.5416667,-115.6738333,6.31,2.73,ml,16.0,68,0.1769,0.15,ci,ci39614394,2023-09-28T21:33:32.040Z,"87km ESE of Maneadero, B.C., MX",earthquake,0.2,1.12,0.112,44,reviewed,ci,ci
2023-07-16T21:01:55.220Z,31.5888333,-114.4248333,5.95,2.78,ml,8.0,123,0.5481,0.29,ci,ci39614386,2023-09-28T21:33:32.040Z,"87km SE of Estacion Coahuila, B.C., MX",earthquake,0.71,31.61,0.141,17,reviewed,ci,ci
2023-07-16T19:37:19.980Z,31.5421667,-114.3971667,5.97,4.28,mw,12.0,130,0.5109,0.54,ci,ci39614338,2023-09-28T21:33:31.040Z,"92km SE of Estacion Coahuila, B.C., MX",earthquake,0.83,31.61,,6,reviewed,ci,ci
2023-07-16T19:33:20.780Z,31.5301667,-114.3841667,5.96,3.11,ml,8.0,133,0.5271,0.34,ci,ci39614330,2023-09-28T21:33:31.040Z,"94km SE of Estacion Coahuila, B.C., MX",earthquake,0.78,31.61,0.187,75,reviewed,ci,ci
2023-07-16T19:16:05.100Z,31.5663333,-114.4146667,5.97,4.57,mw,14.0,127,0.4826,0.33,ci,ci39614322,2023-09-28T21:33:31.040Z,"89km SE of Estacion Coahuila, B.C., MX",earthquake,0.53,31.61,,6,reviewed,ci,ci
2023-07-16T12:26:10.960Z,31.5423333,-115.673,6.65,2.45,ml,17.0,68,0.1779,0.15,ci,ci39614122,2023-09-28T21:33:28.040Z,"87km ESE of Maneadero, B.C., MX",earthquake,0.19,0.88,0.108,26,reviewed,ci,ci
2023-07-16T10:49:37.380Z,31.541,-115.6775,4.86,3.35,ml,16.0,66,0.1747,0.28,ci,ci39614106,2023-09-28T21:33:26.040Z,"86km ESE of Maneadero, B.C., MX",earthquake,0.41,1.84,0.157,147,reviewed,ci,ci
2023-07-16T10:37:34.290Z,31.5368333,-115.667,8.84,3.73,ml,13.0,66,0.1761,0.27,ci,ci37557572,2023-09-28T21:33:30.040Z,"88km ESE of Maneadero, B.C., MX",earthquake,0.43,1.92,0.137,8,reviewed,ci,ci
2023-07-16T10:37:12.520Z,31.5388333,-115.6795,5.82,4.18,ml,18.0,67,0.172,0.25,ci,ci39614090,2023-09-28T21:33:26.040Z,"86km ESE of Maneadero, B.C., MX",earthquake,0.37,2.15,0.125,62,reviewed,ci,ci
2023-07-15T15:14:08.130Z,31.576,-114.4076667,5.96,2.96,ml,8.0,126,0.4784,0.2,ci,ci39613642,2023-09-16T19:16:17.040Z,"89km SE of Estacion Coahuila, B.C., MX",earthquake,0.39,31.61,0.157,17,reviewed,ci,ci
2023-07-15T15:10:36.020Z,31.5436,-114.3234,10.0,2.5,ml,21.0,146,0.626,0.83,us,us7000kgm2,2023-09-16T19:16:20.040Z,"22 km SE of Golfo de Santa Clara, Mexico",earthquake,1.91,1.979,0.097,14,reviewed,us,us
2023-07-15T06:52:51.990Z,31.5498333,-114.4038333,5.96,3.02,ml,9.0,129,0.5014,0.46,ci,ci39613458,2023-09-16T19:16:16.040Z,"91km SE of Estacion Coahuila, B.C., MX",earthquake,0.77,31.61,0.184,11,reviewed,ci,ci
2023-07-14T10:37:08.530Z,31.5298333,-114.3758333,5.97,3.81,ml,12.0,133,0.5315,0.35,ci,ci39612546,2023-10-16T23:34:15.770Z,"95km SE of Estacion Coahuila, B.C., MX",earthquake,0.54,31.61,0.129,56,reviewed,ci,ci
2023-07-14T10:30:44.760Z,31.5361667,-114.3828333,5.96,3.48,ml,10.0,133,0.5229,0.29,ci,ci39612530,2023-09-16T19:16:15.040Z,"94km SE of Estacion Coahuila, B.C., MX",earthquake,0.53,31.61,0.165,126,reviewed,ci,ci
2023-07-13T20:50:07.690Z,31.7585,-115.918,12.51,2.15,ml,14.0,56,0.2469,0.16,ci,ci39612170,2023-08-01T23:43:23.767Z,"62 km E of Maneadero, B.C., MX",earthquake,0.31,1.14,0.072,16,reviewed,ci,ci
2023-07-13T03:17:53.620Z,31.7321667,-116.222,6.89,3.26,ml,14.0,89,0.3581,0.26,ci,ci39611490,2023-09-16T19:16:12.040Z,"33km E of Maneadero, B.C., MX",earthquake,0.41,4.0,0.16,148,reviewed,ci,ci
2023-07-13T01:51:04.990Z,31.7575,-115.9263333,8.17,2.56,ml,19.0,56,0.2473,0.25,ci,ci39611410,2023-09-16T19:16:12.040Z,"61km E of Maneadero, B.C., MX",earthquake,0.36,1.49,0.13,9,reviewed,ci,ci
2023-07-13T01:42:53.250Z,31.7611667,-115.9215,12.58,3.96,ml,20.0,56,0.244,0.19,ci,ci39611306,2023-09-16T19:16:12.040Z,"61km E of Maneadero, B.C., MX",earthquake,0.28,0.92,0.169,230,reviewed,ci,ci
2023-07-11T07:38:07.060Z,31.4808,-115.4798,4.798,2.9,ml,36.0,71,0.275,0.86,us,us7000kete,2023-09-16T19:16:09.040Z,"74 km ENE of San Vicente, Mexico",earthquake,1.49,4.815,0.057,40,reviewed,us,us
2023-07-08T01:12:23.030Z,32.0411667,-116.4063333,23.64,2.16,ml,22.0,75,0.348,0.19,ci,ci39607226,2023-07-09T16:35:20.700Z,"28km NE of Ensenada, B.C., MX",earthquake,0.35,1.52,0.107,28,reviewed,ci,ci
2023-07-07T15:03:25.190Z,31.9066667,-116.5581667,10.95,2.48,ml,26.0,185,0.415,0.2,ci,ci39606594,2023-09-09T21:54:55.040Z,"7km NE of Ensenada, B.C., MX",earthquake,0.48,3.33,0.113,11,reviewed,ci,ci
2023-07-06T04:35:25.013Z,26.0,-110.3935,10.0,4.2,mb,57.0,131,1.891,0.65,us,us6000kqdh,2023-09-09T21:54:50.040Z,"95 km E of Loreto, Mexico",earthquake,6.03,1.933,0.075,50,reviewed,us,us
2023-07-04T16:43:35.109Z,26.8818,-111.317,10.0,4.0,mb,80.0,136,0.932,0.8,us,us6000kq2f,2023-09-09T21:54:47.040Z,"66 km E of Mulegé, Mexico",earthquake,6.09,1.962,0.093,31,reviewed,us,us
2023-07-03T11:20:48.460Z,31.8798333,-116.5823333,20.88,2.41,ml,17.0,119,0.1838,0.14,ci,ci40502536,2023-07-28T22:08:48.954Z,"4 km ENE of Ensenada, B.C., MX",earthquake,0.41,1.24,0.133,19,reviewed,ci,ci
2023-07-02T23:41:50.186Z,31.2637,-115.6885,13.075,2.5,ml,20.0,86,0.151,0.49,us,us6000kpr6,2023-09-09T21:54:38.040Z,"53 km E of San Vicente, Mexico",earthquake,1.63,3.31,0.071,26,reviewed,us,us
2023-07-02T08:03:08.150Z,31.8916667,-116.5555,13.21,2.79,ml,21.0,87,0.208,0.25,ci,ci40501920,2023-09-09T21:54:35.040Z,"6km ENE of Ensenada, B.C., MX",earthquake,0.35,1.16,0.141,30,reviewed,ci,ci
2023-07-01T12:31:17.560Z,31.594,-115.5906667,5.45,2.17,ml,14.0,76,0.2609,0.19,ci,ci40501368,2023-07-03T21:47:06.062Z,"81km SSW of Alberto Oviedo Mota, B.C., MX",earthquake,0.27,31.61,0.073,7,reviewed,ci,ci
2023-06-30T20:08:50.530Z,32.357,-115.3461667,14.62,3.03,ml,41.0,56,0.07139,0.29,ci,ci40500864,2023-09-08T14:18:31.040Z,"14km W of Delta, B.C., MX",earthquake,0.28,0.66,0.213,125,reviewed,ci,ci
2023-06-29T06:56:49.770Z,32.0686667,-117.5566667,26.82,2.22,ml,18.0,265,0.4334,0.22,ci,ci40498752,2023-06-29T15:26:43.823Z,"57km WSW of Rosarito, B.C., MX",earthquake,1.09,0.43,0.145,9,reviewed,ci,ci
2023-06-27T22:38:35.890Z,32.474,-115.5625,6.53,2.42,ml,32.0,66,0.06561,0.26,ci,ci40497568,2023-09-08T14:18:24.040Z,"12km S of Progreso, B.C., MX",earthquake,0.3,0.85,0.156,47,reviewed,ci,ci
2023-06-27T20:49:18.280Z,31.895,-116.5493333,11.76,2.47,ml,21.0,87,0.214,0.26,ci,ci40497456,2023-09-08T14:18:24.040Z,"7km ENE of Ensenada, B.C., MX",earthquake,0.44,2.57,0.221,8,reviewed,ci,ci
2023-06-27T13:49:01.700Z,31.9061667,-116.5561667,11.08,2.28,ml,20.0,141,0.2182,0.25,ci,ci40496864,2023-06-27T16:43:11.277Z,"7km ENE of Ensenada, B.C., MX",earthquake,0.98,3.65,0.13,8,reviewed,ci,ci
2023-06-25T20:01:21.030Z,31.8973333,-116.5513333,11.19,2.08,ml,19.0,88,0.2145,0.27,ci,ci40495120,2023-06-29T18:54:57.742Z,"7km ENE of Ensenada, B.C., MX",earthquake,0.62,2.5,0.129,13,reviewed,ci,ci
2023-06-23T14:48:01.950Z,31.8845,-116.5813333,19.81,2.62,ml,22.0,120,0.1879,0.15,ci,ci40492920,2023-08-26T20:54:10.040Z,"4km ENE of Ensenada, B.C., MX",earthquake,0.38,1.09,0.123,22,reviewed,ci,ci
2023-06-20T14:09:05.300Z,32.3788333,-115.2206667,9.13,2.35,ml,15.0,119,0.08206,0.28,ci,ci40489800,2023-06-21T17:33:02.028Z,"4km NW of Delta, B.C., MX",earthquake,0.71,1.11,0.153,53,reviewed,ci,ci
2023-06-14T07:55:20.630Z,31.6008333,-115.5998333,6.38,2.11,ml,8.0,110,0.2614,0.19,ci,ci40485392,2023-06-14T18:44:01.920Z,"81km SSW of Alberto Oviedo Mota, B.C., MX",earthquake,0.45,2.69,0.105,10,reviewed,ci,ci
2023-06-10T17:10:09.520Z,31.8776667,-115.7086667,6.96,2.2,ml,21.0,71,0.1294,0.18,ci,ci40482744,2023-06-14T17:58:51.407Z,"64km SW of Alberto Oviedo Mota, B.C., MX",earthquake,0.24,0.63,0.257,19,reviewed,ci,ci
2023-06-09T12:52:49.400Z,31.786,-116.0356667,5.37,2.1,ml,23.0,64,0.2305,0.35,ci,ci40481392,2023-06-09T20:56:36.129Z,"51km E of Maneadero, B.C., MX",earthquake,0.35,31.61,0.234,18,reviewed,ci,ci
2023-06-07T11:06:05.180Z,32.2263333,-115.2896667,1.55,2.16,ml,27.0,45,0.09118,0.27,ci,ci40479856,2023-06-07T23:33:28.960Z,"11km W of Alberto Oviedo Mota, B.C., MX",earthquake,0.3,0.73,0.275,19,reviewed,ci,ci
2023-06-07T11:01:18.100Z,32.2091667,-115.2643333,9.92,2.56,ml,25.0,59,0.07586,0.29,ci,ci40479848,2023-08-12T17:15:07.040Z,"9km WSW of Alberto Oviedo Mota, B.C., MX",earthquake,0.42,0.91,0.224,26,reviewed,ci,ci
2023-06-06T23:20:12.910Z,31.5678333,-116.0745,10.95,2.7,ml,12.0,87,0.267,0.21,ci,ci40479672,2023-08-12T17:15:06.040Z,"49km ESE of Maneadero, B.C., MX",earthquake,1.33,4.24,0.122,66,reviewed,ci,ci
2023-06-03T08:21:52.309Z,26.9661,-111.483,10.0,4.1,mb,27.0,141,0.762,0.64,us,us7000k61s,2023-08-05T22:07:52.040Z,"50 km E of Mulegé, Mexico",earthquake,5.03,1.977,0.086,37,reviewed,us,us
2023-05-31T21:12:22.020Z,31.7395,-116.2335,5.37,3.08,ml,26.0,90,0.3591,0.28,ci,ci40239231,2023-08-05T22:07:42.040Z,"32km E of Maneadero, B.C., MX",earthquake,0.34,31.61,0.126,116,reviewed,ci,ci
2023-05-30T08:09:57.720Z,32.378,-115.2128333,10.97,2.28,ml,27.0,47,0.08827,0.28,ci,ci40237415,2023-06-02T21:01:34.750Z,"3km NW of Delta, B.C., MX",earthquake,0.44,0.81,0.225,23,reviewed,ci,ci
2023-05-28T13:33:24.290Z,31.0733333,-116.6141667,5.67,3.58,ml,7.0,225,0.4174,0.12,ci,ci40235983,2023-05-31T17:03:03.514Z,"72km S of Maneadero, B.C., MX",earthquake,0.48,31.61,0.218,170,reviewed,ci,ci
2023-05-28T08:47:25.660Z,32.398,-115.2175,10.85,2.06,ml,24.0,49,0.07706,0.34,ci,ci40235919,2023-05-31T17:16:15.900Z,"5km NNW of Delta, B.C., MX",earthquake,0.44,1.06,0.274,12,reviewed,ci,ci
2023-05-28T08:41:55.540Z,32.4125,-115.2186667,7.45,2.68,ml,33.0,48,0.07335,0.29,ci,ci40235911,2023-08-05T22:07:36.040Z,"7km NNW of Delta, B.C., MX",earthquake,0.32,1.02,0.167,35,reviewed,ci,ci
2023-05-27T05:03:41.520Z,32.095,-115.0793333,22.53,2.39,ml,19.0,84,0.1224,0.28,ci,ci40234831,2023-05-30T18:26:24.730Z,"13km SSW of Estacion Coahuila, B.C., MX",earthquake,0.6,0.95,0.251,12,reviewed,ci,ci
2023-05-22T00:38:19.910Z,31.7345,-116.231,7.85,2.09,ml,14.0,91,0.3614,0.25,ci,ci40230871,2023-05-23T19:02:11.227Z,"32km E of Maneadero, B.C., MX",earthquake,0.45,2.68,0.145,15,reviewed,ci,ci
2023-05-15T00:13:11.434Z,30.9615,-116.304,3.814,4.3,mwr,84.0,117,0.532,0.79,us,us6000kbxp,2025-10-08T17:31:50.413Z,"13 km W of Las Brisas, Mexico",earthquake,4.49,3.998,0.038,68,reviewed,us,us
2023-05-14T15:18:15.416Z,30.9225,-116.4154,10.0,4.5,mwr,109.0,180,0.443,0.75,us,us6000kbvb,2023-07-24T01:16:58.040Z,"24 km W of Las Brisas, Mexico",earthquake,5.25,1.855,0.031,102,reviewed,us,us
2023-05-13T10:23:11.480Z,32.131,-115.1936667,9.68,2.07,ml,21.0,86,0.077,0.32,ci,ci40224247,2023-05-15T20:06:21.096Z,"11km SSW of Alberto Oviedo Mota, B.C., MX",earthquake,0.55,0.84,0.179,12,reviewed,ci,ci
2023-05-13T03:04:16.677Z,26.4438,-111.0277,10.0,4.4,mb,43.0,149,1.391,1.32,us,us6000kbm0,2023-07-22T19:17:14.040Z,"Baja California Sur, Mexico",earthquake,5.59,1.887,0.048,125,reviewed,us,us
2023-05-13T00:08:13.530Z,32.2658333,-115.1053333,14.6,2.22,ml,18.0,113,0.04453,0.27,ci,ci40224079,2023-05-15T17:38:56.338Z,"2km S of Guadalupe Victoria, B.C., MX",earthquake,0.59,0.44,0.303,15,reviewed,ci,ci
2023-05-10T09:28:39.770Z,25.4361,-109.7955,10.0,4.7,mb,79.0,111,0.702,0.79,us,us6000katj,2023-07-22T19:16:36.040Z,"60 km SW of Campo Pesquero el Colorado, Mexico",earthquake,5.82,1.883,0.074,56,reviewed,us,us
2023-05-10T08:55:32.823Z,25.2588,-109.5992,10.0,4.6,mb,70.0,102,0.609,1.25,us,us6000kate,2023-07-22T19:16:36.040Z,Gulf of California,earthquake,3.66,1.697,0.066,71,reviewed,us,us
2023-05-10T08:45:50.874Z,25.4406,-109.6761,10.0,4.9,mb,172.0,106,0.596,0.68,us,us6000kata,2023-07-22T19:16:35.040Z,"50 km SW of Campo Pesquero el Colorado, Mexico",earthquake,5.57,1.076,0.038,222,reviewed,us,us
2023-05-10T07:05:23.641Z,25.4966,-109.8101,10.0,4.9,mb,156.0,55,0.703,0.95,us,us6000kasv,2023-07-22T19:16:35.040Z,"57 km WSW of Campo Pesquero el Colorado, Mexico",earthquake,4.82,1.813,0.033,295,reviewed,us,us
2023-05-05T07:41:05.170Z,28.0496,-112.14,10.0,4.0,mb,15.0,118,0.733,0.61,us,us6000k9n1,2023-07-15T22:09:47.040Z,"79 km N of Santa Rosalía, Mexico",earthquake,3.41,1.901,0.3,3,reviewed,us,us
2023-05-04T06:39:17.940Z,32.388,-115.22,10.38,2.03,ml,20.0,50,0.07846,0.23,ci,ci40218791,2023-05-05T17:21:50.504Z,"4km NW of Delta, B.C., MX",earthquake,0.29,0.79,0.228,13,reviewed,ci,ci
2023-05-03T15:15:11.320Z,32.2923333,-115.3131667,11.71,2.08,ml,23.0,78,0.127,0.26,ci,ci40218143,2023-05-08T20:23:28.773Z,"13km WSW of Delta, B.C., MX",earthquake,0.41,0.85,0.348,13,reviewed,ci,ci
2023-05-03T08:03:44.612Z,27.6325,-111.5669,10.0,4.2,mb,44.0,80,0.675,1.09,us,us7000jxpy,2023-07-15T22:11:04.040Z,"62 km SW of San Carlos, Mexico",earthquake,4.52,1.902,0.199,7,reviewed,us,us
2023-05-01T02:15:12.140Z,32.3691667,-115.2566667,20.87,2.66,ml,25.0,53,0.06474,0.28,ci,ci40216351,2023-07-15T22:10:42.040Z,"6km WNW of Delta, B.C., MX",earthquake,0.58,1.2,0.218,33,reviewed,ci,ci
2023-04-30T21:24:19.980Z,32.3883333,-115.1611667,19.17,2.25,ml,22.0,65,0.07415,0.31,ci,ci40216255,2023-05-17T20:20:15.654Z,"5km NE of Delta, B.C., MX",earthquake,0.48,0.81,0.166,8,reviewed,ci,ci
2023-04-24T13:29:08.437Z,31.4292,-115.3512,12.822,3.0,ml,26.0,62,0.259,0.57,us,us6000k6rt,2024-01-18T19:51:29.745Z,"66 km NW of San Felipe, Mexico",earthquake,0.78,7.516,0.041,78,reviewed,us,us
2023-04-18T07:06:25.600Z,31.9446667,-114.7776667,15.6,2.19,ml,13.0,123,0.03131,0.2,ci,ci40442280,2023-04-18T17:31:35.323Z,"35km SE of Estacion Coahuila, B.C., MX",earthquake,0.42,0.49,0.068,2,reviewed,ci,ci
2023-04-12T21:21:28.580Z,32.436,-115.2275,11.77,2.35,ml,25.0,57,0.06757,0.33,ci,ci40440232,2023-04-12T22:59:10.034Z,"10km NNW of Delta, B.C., MX",earthquake,0.41,1.07,0.17,46,reviewed,ci,ci
2023-04-09T07:36:50.310Z,32.4905,-115.578,12.05,2.46,ml,42.0,49,0.04726,0.31,ci,ci40438696,2023-06-17T21:36:40.040Z,"10km S of Progreso, B.C., MX",earthquake,0.34,0.93,0.157,58,reviewed,ci,ci
2023-04-09T02:06:52.420Z,32.4946667,-115.5726667,14.57,3.65,ml,45.0,49,0.04365,0.33,ci,ci40438576,2023-06-17T21:36:39.040Z,"10km S of Progreso, B.C., MX",earthquake,0.4,0.89,0.161,72,reviewed,ci,ci
2023-04-07T00:00:37.610Z,32.3085,-115.2751667,11.54,2.0,ml,22.0,54,0.106,0.3,ci,ci40437328,2023-04-07T21:12:41.753Z,"9km SW of Delta, B.C., MX",earthquake,0.36,0.84,0.262,16,reviewed,ci,ci
2023-04-06T04:00:20.000Z,31.5546667,-115.672,9.26,2.04,ml,7.0,93,0.1888,0.1,ci,ci39510290,2023-04-06T15:50:20.803Z,"87km ESE of Maneadero, B.C., MX",earthquake,0.36,1.45,0.171,9,reviewed,ci,ci
2023-04-02T21:31:01.656Z,31.3791,-116.9557,19.433,3.9,ml,50.0,216,0.615,0.65,us,us6000k1ld,2023-06-13T03:13:22.040Z,"Baja California, Mexico",earthquake,3.41,6.978,0.043,72,reviewed,us,us
2023-04-01T06:40:13.600Z,32.0416667,-116.3425,19.74,2.3,ml,22.0,69,0.3371,0.21,ci,ci39508554,2023-04-03T15:47:25.927Z,"32km NE of Ensenada, B.C., MX",earthquake,0.38,1.68,0.164,35,reviewed,ci,ci
2023-03-31T16:48:01.647Z,31.2078,-115.9585,16.181,3.6,ml,30.0,125,0.236,0.85,us,us6000k16e,2023-06-03T22:06:14.040Z,"Baja California, Mexico",earthquake,3.01,5.357,0.056,42,reviewed,us,us
2023-03-31T03:28:40.350Z,31.2605,-116.797,11.25,3.17,ml,10.0,212,0.4834,0.09,ci,ci39507946,2023-03-31T15:04:33.945Z,"55km SSW of Maneadero, B.C., MX",earthquake,0.32,1.67,0.068,18,reviewed,ci,ci
2023-03-29T07:48:22.380Z,31.6788333,-116.6515,15.88,2.49,ml,9.0,182,0.08853,0.15,ci,ci40191127,2023-06-03T22:06:05.040Z,"9km WSW of Maneadero, B.C., MX",earthquake,0.77,0.92,0.132,37,reviewed,ci,ci
2023-03-23T09:53:00.860Z,31.1275,-116.675,10.04,3.94,ml,6.0,229,0.4297,0.14,ci,ci40188551,2023-03-23T13:50:07.153Z,"66km S of Maneadero, B.C., MX",earthquake,0.61,1.35,0.188,44,reviewed,ci,ci
2023-03-20T11:33:28.240Z,31.8525,-116.1483333,18.22,2.34,ml,13.0,77,0.2282,0.2,ci,ci40187479,2023-03-20T17:49:34.841Z,"42km ENE of Maneadero, B.C., MX",earthquake,0.4,0.94,0.211,11,reviewed,ci,ci
2023-03-19T14:14:01.850Z,31.5678333,-115.7038333,6.41,2.7,ml,13.0,64,0.1888,0.25,ci,ci40187079,2023-05-26T21:54:06.040Z,"83km E of Maneadero, B.C., MX",earthquake,0.42,2.39,0.191,33,reviewed,ci,ci
2023-03-19T01:37:05.960Z,31.563,-115.6835,7.11,2.39,ml,12.0,91,0.1914,0.15,ci,ci40186711,2023-03-21T16:03:05.515Z,"85km ESE of Maneadero, B.C., MX",earthquake,0.25,1.36,0.143,12,reviewed,ci,ci
2023-03-17T06:22:16.640Z,31.8516667,-116.1728333,15.51,3.15,ml,20.0,76,0.2447,0.27,ci,ci40185807,2023-05-20T23:20:31.040Z,"40km ENE of Maneadero, B.C., MX",earthquake,0.45,1.83,0.167,53,reviewed,ci,ci
2023-03-14T14:42:40.640Z,32.3118333,-115.328,16.2,2.52,ml,22.0,76,0.1091,0.3,ci,ci40184711,2023-05-20T23:20:23.040Z,"14km WSW of Delta, B.C., MX",earthquake,0.5,1.73,0.214,23,reviewed,ci,ci
2023-03-13T05:06:21.820Z,31.8185,-115.8143333,11.36,2.98,ml,9.0,143,0.2178,0.12,ci,ci40184071,2023-05-20T23:20:19.040Z,"72km E of Maneadero, B.C., MX",earthquake,0.38,1.31,0.176,49,reviewed,ci,ci
2023-03-10T06:50:28.600Z,32.4055,-115.1698333,15.79,2.28,ml,24.0,62,0.1152,0.32,ci,ci40182687,2023-03-10T20:27:12.769Z,"6km NNE of Delta, B.C., MX",earthquake,0.56,1.22,0.186,21,reviewed,ci,ci
2023-03-05T14:29:49.876Z,25.7487,-110.1881,10.0,4.4,mb,29.0,120,3.328,0.63,us,us7000jhgu,2023-05-15T02:50:38.040Z,Gulf of California,earthquake,9.12,1.929,0.074,53,reviewed,us,us
2023-02-25T14:14:23.230Z,32.1745,-115.2023333,5.14,2.05,ml,13.0,138,0.1669,0.21,ci,ci40418576,2023-02-27T18:56:09.967Z,"7km SSW of Alberto Oviedo Mota, B.C., MX",earthquake,0.54,2.65,0.207,14,reviewed,ci,ci
2023-02-24T12:22:57.940Z,31.7133333,-116.2746667,4.91,2.16,ml,18.0,205,0.4021,0.18,ci,ci40418288,2023-02-28T21:54:28.657Z,"28km E of Maneadero, B.C., MX",earthquake,0.44,31.61,0.157,12,reviewed,ci,ci
2023-02-16T12:37:25.495Z,31.4502,-115.607,23.348,2.8,ml,26.0,126,0.162,0.83,us,us6000jpdm,2023-04-22T21:33:13.040Z,"62 km ENE of San Vicente, Mexico",earthquake,2.12,7.146,0.094,15,reviewed,us,us
2023-02-16T06:52:54.450Z,32.4378333,-115.1886667,11.0,2.38,ml,15.0,93,0.1001,0.2,ci,ci40415144,2023-02-16T16:25:20.310Z,"9km N of Delta, B.C., MX",earthquake,0.32,0.75,0.184,22,reviewed,ci,ci
2023-02-16T02:26:33.890Z,31.5968333,-116.0198333,9.0,2.8,ml,13.0,188,0.2873,0.12,ci,ci40415072,2023-04-22T21:33:12.040Z,"53km ESE of Maneadero, B.C., MX",earthquake,0.42,1.16,0.163,44,reviewed,ci,ci
2023-02-11T19:21:55.780Z,31.9108333,-116.3773333,22.46,2.77,ml,15.0,192,0.3768,0.16,ci,ci40413568,2023-04-15T21:39:58.040Z,"23km ENE of Ensenada, B.C., MX",earthquake,0.62,1.92,0.145,56,reviewed,ci,ci
2023-02-07T16:00:37.710Z,31.9246667,-116.9058333,5.46,2.38,ml,22.0,264,0.4385,0.19,ci,ci40411856,2023-02-07T22:46:12.207Z,"21km W of El Sauzal, B.C., MX",earthquake,0.66,31.61,0.12,23,reviewed,ci,ci
2023-02-05T06:59:55.590Z,32.3335,-115.3476667,15.9,2.08,ml,19.0,141,0.09304,0.27,ci,ci40411192,2023-02-06T17:22:15.164Z,"15km W of Delta, B.C., MX",earthquake,0.58,1.28,0.15,24,reviewed,ci,ci
2023-02-04T22:44:46.550Z,32.2301667,-115.2376667,16.19,2.69,ml,22.0,128,0.155,0.24,ci,ci40411040,2023-04-13T21:53:06.040Z,"6km W of Alberto Oviedo Mota, B.C., MX",earthquake,0.62,1.22,0.191,44,reviewed,ci,ci
2023-02-01T04:05:53.132Z,28.0165,-111.963,10.0,4.1,mb,61.0,62,0.737,1.05,us,us6000jknf,2024-01-18T19:17:37.910Z,"80 km NNE of Santa Rosal?a, Mexico",earthquake,4.21,1.909,0.112,22,reviewed,us,us
2023-01-28T08:06:15.490Z,32.3855,-115.4025,12.59,2.03,ml,25.0,79,0.08917,0.3,ci,ci40163055,2023-01-30T22:33:53.365Z,"20km W of Delta, B.C., MX",earthquake,0.44,1.79,0.177,15,reviewed,ci,ci
2023-01-27T14:58:14.230Z,31.5651667,-115.6786667,23.64,3.02,ml,9.0,125,0.1952,0.17,ci,ci40162663,2023-04-11T18:51:36.040Z,"86km E of Maneadero, B.C., MX",earthquake,0.38,0.86,0.153,94,reviewed,ci,ci
2023-01-25T10:21:13.290Z,32.036,-115.5323333,5.66,2.13,ml,17.0,103,0.3545,0.24,ci,ci40161399,2023-01-26T21:57:37.253Z,"40km WSW of Alberto Oviedo Mota, B.C., MX",earthquake,0.37,31.61,0.217,11,reviewed,ci,ci
2023-01-20T11:16:24.802Z,31.465,-115.8712,17.713,2.7,ml,14.0,181,0.105,0.33,us,us7000j5sb,2023-03-31T19:45:41.040Z,"38 km ENE of San Vicente, Mexico",earthquake,4.09,3.924,0.115,10,reviewed,us,us
2023-01-19T20:04:22.490Z,32.3831667,-115.2088333,16.17,2.12,ml,18.0,115,0.08905,0.32,ci,ci40404160,2023-01-19T20:41:09.498Z,"4km NNW of Delta, B.C., MX",earthquake,0.9,1.82,0.229,15,reviewed,ci,ci
2023-01-16T15:49:06.590Z,32.0733333,-116.3093333,4.86,2.22,ml,25.0,163,0.3144,0.29,ci,ci40403112,2023-01-26T21:56:33.770Z,"37km NE of Ensenada, B.C., MX",earthquake,0.62,31.61,0.155,16,reviewed,ci,ci
2023-01-13T15:46:07.970Z,32.412,-115.1731667,19.92,2.18,ml,20.0,131,0.1118,0.27,ci,ci40402288,2023-01-13T19:41:21.762Z,"7km NNE of Delta, B.C., MX",earthquake,0.55,0.85,0.23,17,reviewed,ci,ci
2023-01-04T09:52:08.250Z,32.156,-116.9501667,5.56,2.47,ml,37.0,199,0.289,0.3,ci,ci40153527,2023-03-11T22:51:27.040Z,"8km SSW of Primo Tapia, B.C., MX",earthquake,0.61,31.61,0.128,34,reviewed,ci,ci
2023-01-04T00:56:59.540Z,32.2203333,-115.2365,19.68,3.19,ml,26.0,89,0.159,0.3,ci,ci40153431,2023-03-11T22:51:37.040Z,"6km W of Alberto Oviedo Mota, B.C., MX",earthquake,0.52,1.01,0.214,57,reviewed,ci,ci
2023-01-03T21:36:12.330Z,32.325,-115.3311667,18.22,2.47,ml,30.0,108,0.09679,0.27,ci,ci40153367,2023-03-11T22:51:27.040Z,"13km WSW of Delta, B.C., MX",earthquake,0.42,0.87,0.169,31,reviewed,ci,ci
2022-12-27T03:03:17.530Z,31.5628333,-115.6876667,3.45,2.46,ml,8.0,207,0.1897,0.08,ci,ci40150463,2023-02-28T22:08:16.040Z,"85km ESE of Maneadero, B.C., MX",earthquake,0.69,1.52,0.097,14,reviewed,ci,ci
2022-12-27T03:03:17.290Z,31.5608333,-115.6783333,1.05,2.47,ml,7.0,211,0.1915,0.16,ci,ci37484604,2023-03-07T18:59:43.040Z,"86km ESE of Maneadero, B.C., MX",earthquake,1.05,1.17,0.051,7,reviewed,ci,ci
2022-12-27T03:01:32.940Z,31.5371667,-115.7883333,14.0,3.32,ml,10.0,139,0.1454,0.21,ci,ci40150455,2023-03-07T18:59:52.040Z,"76km ESE of Maneadero, B.C., MX",earthquake,1.16,1.94,0.127,58,reviewed,ci,ci
2022-12-27T02:35:13.403Z,31.4942,-115.8069,5.0,2.8,ml,42.0,130,0.523,0.95,us,us6000jbw9,2023-03-07T18:59:45.040Z,"45 km ENE of San Vicente, Mexico",earthquake,2.64,1.857,0.055,44,reviewed,us,us
2022-12-25T05:18:50.320Z,32.4388333,-115.2585,3.25,2.14,ml,29.0,103,0.0438,0.28,ci,ci40149575,2023-01-19T22:44:10.040Z,"11km NNW of Delta, B.C., MX",earthquake,0.35,0.43,0.215,24,reviewed,ci,ci
2022-12-25T04:53:26.810Z,32.44,-115.2625,3.58,2.27,ml,30.0,104,0.04135,0.35,ci,ci40149559,2023-01-24T01:40:52.490Z,"12km NW of Delta, B.C., MX",earthquake,0.54,0.68,0.228,23,reviewed,ci,ci
2022-12-24T19:15:27.610Z,31.5671667,-115.6821667,2.68,2.51,ml,9.0,208,0.1956,0.08,ci,ci40149471,2023-03-07T18:59:43.040Z,"85km E of Maneadero, B.C., MX",earthquake,0.58,0.6,0.182,16,reviewed,ci,ci
2022-12-10T08:23:30.239Z,30.8464,-116.3895,10.0,4.4,mb,55.0,201,0.518,1.23,us,us6000j8dw,2023-02-18T22:04:01.040Z,"24 km WSW of Las Brisas, Mexico",earthquake,4.37,1.951,0.139,15,reviewed,us,us
2022-12-09T02:16:41.650Z,31.124,-115.5058333,5.61,3.28,ml,4.0,210,0.3575,0.09,ci,ci40143847,2022-12-13T01:25:35.816Z,"120km ESE of Maneadero, B.C., MX",earthquake,1.17,31.61,0.167,109,reviewed,ci,ci
2022-12-04T14:50:43.710Z,32.2425,-115.2658333,12.06,2.36,ml,22.0,86,0.1717,0.26,ci,ci40141959,2022-12-05T16:53:13.430Z,"9km W of Alberto Oviedo Mota, B.C., MX",earthquake,0.48,1.58,0.161,28,reviewed,ci,ci
2022-12-04T07:14:59.817Z,30.8005,-116.2416,10.0,2.9,ml,19.0,259,0.708,0.54,us,us6000j6tj,2023-02-11T23:03:02.040Z,"17 km WSW of Camalú, Mexico",earthquake,4.66,1.961,0.055,44,reviewed,us,us
2022-12-03T12:27:50.060Z,31.9258333,-116.2585,18.95,2.24,ml,15.0,119,0.2754,0.18,ci,ci40141519,2022-12-04T17:32:39.935Z,"35km E of Ensenada, B.C., MX",earthquake,0.42,0.76,0.128,39,reviewed,ci,ci
2022-12-02T12:10:39.520Z,32.2606667,-115.2526667,15.05,2.48,ml,23.0,84,0.1555,0.22,ci,ci40383600,2023-02-05T23:26:02.040Z,"9km WNW of Alberto Oviedo Mota, B.C., MX",earthquake,0.46,0.74,0.24,25,reviewed,ci,ci
2022-12-01T05:28:48.250Z,31.9453333,-116.9068333,13.28,2.1,ml,13.0,237,0.2201,0.26,ci,ci40382984,2022-12-01T15:10:56.863Z,"22km WNW of El Sauzal, B.C., MX",earthquake,1.18,1.74,0.172,14,reviewed,ci,ci
2022-11-26T14:40:15.950Z,30.7774,-116.4095,10.0,4.3,mb,30.0,259,0.814,1.02,us,us7000iskd,2023-02-05T23:24:02.040Z,"31 km SW of Las Brisas, Mexico",earthquake,4.16,1.958,0.137,17,reviewed,us,us
2022-11-25T23:28:46.690Z,32.0268333,-116.2008333,11.59,2.13,ml,16.0,164,0.2159,0.14,ci,ci40380936,2022-11-29T22:11:28.280Z,"43km ENE of Ensenada, B.C., MX",earthquake,0.35,1.51,0.179,17,reviewed,ci,ci
2022-11-24T21:18:20.760Z,31.57,-115.694,5.51,2.8,ml,8.0,127,0.1939,0.17,ci,ci40380504,2023-01-30T06:01:37.040Z,"84km E of Maneadero, B.C., MX",earthquake,0.42,31.61,0.107,17,reviewed,ci,ci
2022-11-24T06:25:38.401Z,30.9238,-116.4862,10.0,4.3,mb,93.0,187,0.761,0.7,us,us7000is09,2023-01-30T06:01:28.040Z,"31 km W of Las Brisas, Mexico",earthquake,4.49,1.95,0.099,29,reviewed,us,us
2022-11-22T21:00:56.508Z,30.9783,-116.4784,10.0,4.5,mb,35.0,128,0.724,0.74,us,us7000irm7,2023-01-30T06:01:01.040Z,"30 km W of Las Brisas, Mexico",earthquake,2.44,1.804,0.115,22,reviewed,us,us
2022-11-22T19:29:16.130Z,32.2506667,-115.369,8.44,2.87,ml,24.0,221,0.1768,0.23,ci,ci40379464,2023-01-30T06:01:01.040Z,"19km W of Alberto Oviedo Mota, B.C., MX",earthquake,0.93,1.5,0.155,59,reviewed,ci,ci
2022-11-22T16:39:05.789Z,30.7936,-116.3907,10.0,6.2,mww,164.0,61,0.494,0.75,us,us7000irjd,2023-03-30T07:15:48.466Z,"28 km SW of Las Brisas, Mexico",earthquake,4.14,1.745,0.029,118,reviewed,us,us
2022-11-22T05:24:59.180Z,32.1233333,-115.1425,16.12,2.48,ml,16.0,102,0.1593,0.2,ci,ci40379232,2023-01-30T06:00:50.040Z,"12km SSE of Alberto Oviedo Mota, B.C., MX",earthquake,0.42,1.05,0.292,24,reviewed,ci,ci
2022-11-19T14:44:53.710Z,32.0166667,-116.3123333,24.35,2.35,ml,18.0,100,0.3097,0.14,ci,ci40378120,2023-01-30T06:00:11.040Z,"33km ENE of Ensenada, B.C., MX",earthquake,0.35,0.69,0.163,41,reviewed,ci,ci
2022-11-13T18:44:51.890Z,31.1708333,-115.463,6.67,2.17,ml,3.0,205,0.352,0.09,ci,ci37465580,2022-11-14T19:43:26.821Z,"121km SSW of Alberto Oviedo Mota, B.C., MX",earthquake,1.25,31.61,0.217,4,reviewed,ci,ci
2022-11-12T10:20:31.090Z,31.5266667,-115.7781667,17.69,2.78,ml,12.0,149,0.1349,0.21,ci,ci40131415,2023-01-28T19:58:09.040Z,"78km ESE of Maneadero, B.C., MX",earthquake,0.8,0.9,0.14,53,reviewed,ci,ci
2022-11-09T22:56:27.510Z,31.5633333,-115.6926667,4.02,2.97,ml,11.0,114,0.1883,0.07,ci,ci40130535,2023-01-21T19:27:17.040Z,"84km ESE of Maneadero, B.C., MX",earthquake,0.36,1.09,0.148,52,reviewed,ci,ci
2022-11-09T10:12:07.123Z,31.5097,-115.6351,18.894,2.7,ml,34.0,102,0.173,0.74,us,us7000inhp,2023-01-21T19:27:16.040Z,"61 km ENE of San Vicente, Mexico",earthquake,2.3,6.89,0.057,40,reviewed,us,us
2022-11-08T00:14:02.870Z,31.5643333,-115.6708333,0.74,2.65,ml,10.0,128,0.1977,0.09,ci,ci40130079,2023-01-21T19:27:13.040Z,"86km E of Maneadero, B.C., MX",earthquake,0.46,0.83,0.146,41,reviewed,ci,ci
2022-11-07T05:13:56.560Z,31.5623333,-115.6716667,0.39,2.5,ml,11.0,107,0.1956,0.07,ci,ci40129879,2023-01-21T19:27:12.040Z,"86km E of Maneadero, B.C., MX",earthquake,0.34,0.62,0.09,37,reviewed,ci,ci
2022-11-07T05:10:26.660Z,31.509,-115.782,21.56,3.81,ml,9.0,164,0.1173,0.14,ci,ci40129871,2023-01-21T19:27:11.040Z,"78km ESE of Maneadero, B.C., MX",earthquake,0.62,0.85,0.152,76,reviewed,ci,ci
2022-11-07T04:59:02.620Z,31.5571667,-115.6993333,7.04,4.04,mw,14.0,87,0.1804,0.1,ci,ci40129847,2023-01-21T19:27:11.040Z,"84km ESE of Maneadero, B.C., MX",earthquake,0.22,0.92,,6,reviewed,ci,ci
2022-11-07T04:52:55.210Z,31.5536667,-115.7113333,8.36,3.69,ml,14.0,91,0.1733,0.2,ci,ci40129839,2023-01-21T19:27:11.040Z,"83km ESE of Maneadero, B.C., MX",earthquake,0.36,1.39,0.139,86,reviewed,ci,ci
2022-11-07T04:50:33.060Z,31.5138333,-115.7966667,19.58,3.1,ml,9.0,172,0.1225,0.2,ci,ci40129831,2023-01-21T19:27:11.040Z,"76km ESE of Maneadero, B.C., MX",earthquake,0.89,1.41,0.114,55,reviewed,ci,ci
2022-11-06T23:33:47.841Z,28.1429,-112.2235,10.0,4.3,mb,52.0,135,0.82,0.57,us,us7000imyu,2023-01-21T19:27:11.040Z,"80 km SSW of Bahía de Kino, Mexico",earthquake,5.75,1.938,0.188,8,reviewed,us,us
2022-11-04T10:02:46.346Z,28.1573,-112.3106,10.0,6.1,mww,150.0,91,0.837,0.38,us,us7000imgl,2023-03-08T18:20:14.734Z,"82 km SSW of Bahía de Kino, Mexico",earthquake,5.62,1.847,0.039,63,reviewed,us,us
2022-11-03T19:34:10.655Z,31.1645,-116.7047,10.0,3.3,ml,14.0,273,0.702,0.46,us,us7000ima7,2023-01-12T23:11:20.040Z,"47 km WSW of San Vicente, Mexico",earthquake,2.11,1.947,0.066,30,reviewed,us,us
2022-11-03T19:11:09.480Z,31.5301667,-115.7598333,16.86,3.27,ml,13.0,127,0.1399,0.12,ci,ci40128775,2023-01-12T23:11:20.040Z,"79km ESE of Maneadero, B.C., MX",earthquake,0.49,0.63,0.165,132,reviewed,ci,ci
2022-11-03T19:09:03.270Z,31.5638333,-115.6906667,1.67,3.1,ml,15.0,86,0.1895,0.09,ci,ci40128767,2023-01-12T23:11:19.040Z,"85km ESE of Maneadero, B.C., MX",earthquake,0.21,0.4,0.149,82,reviewed,ci,ci
2022-11-02T07:38:19.610Z,32.3481667,-115.1996667,24.2,2.08,ml,16.0,184,0.114,0.24,ci,ci40128247,2022-11-02T14:24:10.560Z,"1km SW of Delta, B.C., MX",earthquake,0.73,1.2,0.208,16,reviewed,ci,ci
2022-11-01T07:17:36.035Z,27.9226,-111.8314,10.0,4.2,mb,42.0,104,0.702,1.36,us,us7000iln9,2023-01-12T23:10:53.040Z,"Sonora, Mexico",earthquake,4.88,1.937,0.215,6,reviewed,us,us
2022-10-27T16:18:32.910Z,32.374,-115.2268333,14.97,2.12,ml,19.0,167,0.08019,0.28,ci,ci40125687,2022-10-27T18:40:26.440Z,"4km WNW of Delta, B.C., MX",earthquake,0.6,0.77,0.226,15,reviewed,ci,ci
2022-10-16T10:00:05.340Z,31.5256667,-115.78,17.2,2.59,ml,11.0,162,0.1339,0.13,ci,ci40361912,2022-12-31T23:03:27.040Z,"78km ESE of Maneadero, B.C., MX",earthquake,0.63,0.82,0.124,39,reviewed,ci,ci
2022-10-15T15:45:12.850Z,32.258,-115.2496667,19.74,2.42,ml,18.0,98,0.1538,0.26,ci,ci40361568,2022-10-17T14:17:35.588Z,"8km WNW of Alberto Oviedo Mota, B.C., MX",earthquake,0.59,0.99,0.187,34,reviewed,ci,ci
2022-10-13T09:14:44.420Z,31.8176667,-116.0706667,18.12,2.57,ml,15.0,126,0.2138,0.14,ci,ci40360296,2022-12-17T22:53:33.040Z,"48km ENE of Maneadero, B.C., MX",earthquake,0.33,0.56,0.138,25,reviewed,ci,ci
2022-10-11T13:36:16.340Z,31.4663333,-114.3305,5.97,3.22,mlr,7.0,145,0.6055,0.1,ci,ci40359128,2022-10-12T20:03:02.273Z,"103km SE of Estacion Coahuila, B.C., MX",earthquake,0.23,31.61,0.185,28,reviewed,ci,ci
2022-10-11T06:19:05.418Z,31.5071,-114.3592,22.083,3.8,ml,37.0,127,0.558,0.59,us,us6000isn0,2022-12-17T22:53:53.040Z,"23 km SSE of Golfo de Santa Clara, Mexico",earthquake,3.46,3.862,0.05,52,reviewed,us,us
2022-10-11T06:12:54.230Z,31.4701667,-114.3495,5.97,3.54,mlr,8.0,144,0.5931,0.21,ci,ci40359000,2022-10-12T18:58:42.611Z,"101km SE of Estacion Coahuila, B.C., MX",earthquake,0.33,31.61,0.141,34,reviewed,ci,ci
2022-10-06T15:53:46.640Z,31.621,-116.0356667,4.8,2.77,ml,15.0,187,0.314,0.1,ci,ci40356672,2022-12-10T22:53:33.040Z,"51km ESE of Maneadero, B.C., MX",earthquake,0.38,31.61,0.144,68,reviewed,ci,ci
2022-10-06T07:58:58.610Z,31.6836667,-115.152,5.84,2.61,ml,15.0,107,0.4422,0.2,ci,ci40356504,2022-12-10T22:53:56.040Z,"58km SSW of Estacion Coahuila, B.C., MX",earthquake,0.3,31.61,0.206,49,reviewed,ci,ci
2022-10-04T20:31:06.280Z,32.3648333,-115.3413333,-0.06,2.13,ml,18.0,115,0.06258,0.23,ci,ci40355640,2022-10-04T21:11:58.460Z,"14km W of Delta, B.C., MX",earthquake,0.39,1.06,0.223,29,reviewed,ci,ci
2022-10-04T16:38:33.910Z,32.3381667,-115.2443333,2.83,3.57,ml,26.0,218,0.09598,0.35,ci,ci40355512,2022-12-10T22:53:09.040Z,"5km WSW of Delta, B.C., MX",earthquake,0.83,0.92,0.186,39,reviewed,ci,ci
2022-10-01T22:32:13.240Z,32.367,-115.1588333,10.47,2.18,ml,15.0,110,0.09488,0.34,ci,ci40354256,2022-10-04T15:07:51.919Z,"4km ENE of Delta, B.C., MX",earthquake,0.81,1.5,0.25,4,reviewed,ci,ci
2022-09-28T02:17:14.940Z,27.0398,-111.3805,10.0,4.3,mb,33.0,131,0.816,1.29,us,us6000invq,2022-12-03T22:02:32.040Z,"61 km ENE of Mulegé, Mexico",earthquake,3.02,1.932,0.069,59,reviewed,us,us
2022-09-28T01:18:24.523Z,26.9509,-111.4476,10.0,5.4,mww,162.0,80,0.797,0.9,us,us6000inv3,2026-08-02T05:07:15.842Z,"53 km E of Mulegé, Mexico",earthquake,4.65,1.484,0.038,67,reviewed,us,us
2022-09-26T15:09:27.050Z,31.6223333,-116.0343333,5.31,2.73,ml,14.0,186,0.3142,0.1,ci,ci40106807,2022-12-03T22:03:26.040Z,"52km ESE of Maneadero, B.C., MX",earthquake,0.46,31.61,0.168,18,reviewed,ci,ci
2022-09-25T15:21:07.270Z,32.4755,-115.3251667,7.52,2.59,ml,28.0,67,0.05838,0.29,ci,ci40106319,2022-12-03T22:02:16.040Z,"10km SSE of Puebla, B.C., MX",earthquake,0.53,1.39,0.212,25,reviewed,ci,ci
2022-09-24T22:18:14.840Z,31.2153333,-115.8653333,2.84,2.93,ml,8.0,228,0.1888,0.1,ci,ci40105967,2022-09-27T18:59:55.317Z,"87km SE of Maneadero, B.C., MX",earthquake,0.35,0.59,0.114,24,reviewed,ci,ci
2022-09-24T20:51:00.970Z,32.157,-115.1648333,24.76,2.55,ml,18.0,129,0.1638,0.23,ci,ci40105903,2022-12-03T22:02:16.040Z,"8km S of Alberto Oviedo Mota, B.C., MX",earthquake,0.53,0.6,0.152,40,reviewed,ci,ci
2022-09-23T01:06:53.980Z,32.1395,-117.0903333,18.59,2.42,ml,22.0,257,0.3709,0.16,ci,ci40104743,2022-09-23T17:47:36.083Z,"19km WSW of Primo Tapia, B.C., MX",earthquake,0.55,0.63,0.142,24,reviewed,ci,ci
2022-09-18T06:15:17.620Z,32.2388333,-115.1476667,19.75,2.29,ml,20.0,84,0.08813,0.22,ci,ci40102191,2022-09-21T22:07:27.104Z,"2km ENE of Alberto Oviedo Mota, B.C., MX",earthquake,0.36,0.56,0.189,31,reviewed,ci,ci
2022-09-17T02:12:36.300Z,31.5668333,-115.687,3.78,2.85,ml,8.0,107,0.1935,0.09,ci,ci40101407,2022-11-26T20:57:31.040Z,"85km E of Maneadero, B.C., MX",earthquake,0.28,1.19,0.085,5,reviewed,ci,ci
2022-09-14T00:46:23.910Z,31.8656667,-116.1953333,12.97,2.61,ml,13.0,176,0.2519,0.15,ci,ci40099975,2022-11-19T23:03:04.040Z,"39km ENE of Maneadero, B.C., MX",earthquake,0.43,0.9,0.139,47,reviewed,ci,ci
2022-09-13T15:02:03.020Z,31.6245,-116.0178333,9.4,2.91,ml,10.0,183,0.3064,0.1,ci,ci40099743,2022-11-19T23:02:57.040Z,"53km E of Maneadero, B.C., MX",earthquake,0.51,0.93,0.125,50,reviewed,ci,ci
2022-09-13T14:31:33.157Z,28.0905,-112.1787,10.0,4.1,mb,41.0,82,0.77,0.72,us,us7000i7nq,2022-11-19T23:02:56.040Z,"83 km N of Santa Rosalía, Mexico",earthquake,5.15,1.905,0.096,33,reviewed,us,us
2022-09-03T12:35:12.240Z,31.562,-115.6941667,5.2,2.53,ml,12.0,126,0.1866,0.05,ci,ci40095463,2022-11-15T19:05:41.040Z,"84km ESE of Maneadero, B.C., MX",earthquake,0.12,0.54,0.157,41,reviewed,ci,ci
2022-09-02T10:15:12.346Z,31.4886,-115.6937,17.56,2.5,ml,24.0,96,0.124,0.51,us,us7000i4le,2022-11-06T04:35:59.040Z,"55 km ENE of San Vicente, Mexico",earthquake,1.86,5.97,0.071,26,reviewed,us,us
2022-09-01T15:23:18.020Z,31.5273333,-115.6398333,0.76,2.26,ml,8.0,128,0.1831,0.06,ci,ci40094311,2022-09-01T16:26:01.134Z,"90km SSW of Alberto Oviedo Mota, B.C., MX",earthquake,0.31,0.66,0.1,5,reviewed,ci,ci
2022-09-01T04:47:36.780Z,31.8725,-115.8646667,16.33,2.25,ml,12.0,161,0.1497,0.22,ci,ci40093935,2022-09-01T15:12:47.908Z,"69km ENE of Maneadero, B.C., MX",earthquake,0.74,1.12,0.163,22,reviewed,ci,ci
2022-09-01T02:30:16.690Z,31.747,-117.0753333,5.46,2.48,ml,15.0,283,0.664,0.21,ci,ci40093895,2022-11-06T04:36:37.040Z,"41km WSW of El Sauzal, B.C., MX",earthquake,0.81,31.61,0.174,32,reviewed,ci,ci
2022-08-31T21:13:01.240Z,31.5623333,-115.7113333,8.54,2.65,ml,9.0,113,0.1814,0.05,ci,ci40093767,2022-11-06T04:36:45.040Z,"83km ESE of Maneadero, B.C., MX",earthquake,0.33,0.77,0.136,59,reviewed,ci,ci
2022-08-30T08:44:40.660Z,32.4063333,-115.2251667,12.18,4.03,mw,33.0,101,0.06879,0.36,ci,ci40334320,2022-11-06T04:37:38.040Z,"6km NNW of Delta, B.C., MX",earthquake,0.55,1.29,,6,reviewed,ci,ci
2022-08-27T02:31:11.651Z,30.8442,-115.9623,8.945,3.3,ml,31.0,165,0.277,0.37,us,us7000i2uu,2022-11-06T04:39:40.040Z,"Baja California, Mexico",earthquake,3.03,2.192,0.05,52,reviewed,us,us
2022-08-26T20:29:17.290Z,31.0756667,-114.1633333,5.94,3.19,ml,11.0,217,0.5914,1.71,ci,ci40332296,2022-08-26T21:37:21.151Z,"148km SSE of Estacion Coahuila, B.C., MX",earthquake,9.8,31.61,0.151,10,reviewed,ci,ci
2022-08-26T00:15:03.700Z,32.4896667,-115.2578333,20.93,2.26,ml,26.0,128,0.08053,0.23,ci,ci40331896,2022-08-26T15:43:31.060Z,"12km SE of Puebla, B.C., MX",earthquake,0.49,0.68,0.225,15,reviewed,ci,ci
2022-08-23T20:18:01.650Z,31.5676667,-115.6803333,5.09,2.01,ml,9.0,126,0.1968,0.14,ci,ci40330600,2022-08-23T23:12:03.188Z,"86km E of Maneadero, B.C., MX",earthquake,0.5,1.76,0.059,7,reviewed,ci,ci
2022-08-22T11:42:38.810Z,31.9518333,-116.0885,18.98,2.18,ml,20.0,107,0.1306,0.18,ci,ci40329688,2022-08-22T17:20:36.291Z,"51km E of Ensenada, B.C., MX",earthquake,0.66,0.82,0.06,12,reviewed,ci,ci
2022-08-18T19:32:52.450Z,32.1056667,-115.1281667,24.24,2.24,ml,14.0,196,0.1536,0.22,ci,ci40327904,2022-08-18T21:12:26.931Z,"14km SSE of Alberto Oviedo Mota, B.C., MX",earthquake,0.79,0.67,0.229,21,reviewed,ci,ci
2022-08-17T20:49:41.070Z,31.5681667,-115.685,3.63,2.39,ml,6.0,127,0.1955,0.05,ci,ci37437884,2022-08-17T23:51:22.894Z,"85km E of Maneadero, B.C., MX",earthquake,0.35,1.08,0.127,23,reviewed,ci,ci
2022-08-17T20:48:27.090Z,31.5611667,-115.7045,7.58,2.55,ml,9.0,125,0.1824,0.05,ci,ci40327320,2022-10-28T02:26:51.040Z,"83km ESE of Maneadero, B.C., MX",earthquake,0.28,0.81,0.138,18,reviewed,ci,ci
2022-08-13T00:58:24.056Z,31.1801,-115.9257,12.589,2.3,ml,18.0,219,0.243,0.66,us,us6000ibdm,2022-10-28T02:26:29.040Z,"31 km NE of Licenciado Gustavo Díaz Ordaz, Mexico",earthquake,2.49,4.524,0.062,34,reviewed,us,us
2022-08-11T05:11:35.778Z,27.742,-111.6657,10.0,3.8,mb,34.0,133,0.662,0.7,us,us6000i9vm,2022-10-21T23:20:25.040Z,"65 km WSW of San Carlos, Mexico",earthquake,5.84,2.004,0.179,8,reviewed,us,us
2022-08-10T19:03:55.320Z,31.9225,-117.2573333,19.11,3.57,ml,26.0,265,0.5072,0.2,ci,ci40079375,2022-10-21T23:20:16.040Z,"46km SW of Primo Tapia, B.C., MX",earthquake,0.47,0.69,0.201,13,reviewed,ci,ci
2022-08-08T01:51:27.250Z,31.8451667,-116.1393333,17.87,2.22,ml,20.0,171,0.2276,0.16,ci,ci40077247,2022-08-09T15:59:11.041Z,"43km ENE of Maneadero, B.C., MX",earthquake,0.27,0.46,0.206,7,reviewed,ci,ci
2022-08-07T09:41:38.130Z,32.264,-115.3468333,-0.02,2.0,ml,19.0,142,0.3649,0.34,ci,ci40076863,2022-08-07T18:54:39.663Z,"17km WNW of Alberto Oviedo Mota, B.C., MX",earthquake,0.7,1.81,0.153,15,reviewed,ci,ci
2022-08-07T08:40:01.880Z,31.5595,-115.711,8.75,3.52,ml,13.0,90,0.1788,0.19,ci,ci40076855,2022-10-21T23:18:44.040Z,"83km ESE of Maneadero, B.C., MX",earthquake,0.37,1.22,0.136,57,reviewed,ci,ci
2022-08-06T16:08:22.126Z,27.6656,-111.6466,10.0,5.2,mww,63.0,78,0.631,0.93,us,us6000i8nr,2022-10-21T23:18:31.040Z,"67 km WSW of San Carlos, Mexico",earthquake,1.54,1.882,0.043,51,reviewed,us,us
2022-08-06T03:15:07.618Z,24.5868,-109.1749,10.0,4.7,mwr,55.0,97,1.14,0.92,us,us6000i8kr,2022-10-21T23:18:20.040Z,"109 km SSW of El Huitusi, Mexico",earthquake,6.53,1.878,0.078,16,reviewed,us,us
2022-08-02T11:59:02.730Z,31.9898333,-116.9188333,17.05,2.54,ml,22.0,259,0.2481,0.16,ci,ci40073759,2022-10-12T14:49:53.040Z,"24km WNW of El Sauzal, B.C., MX",earthquake,0.65,1.03,0.11,24,reviewed,ci,ci
2022-07-31T04:42:48.470Z,32.2986667,-115.3555,15.05,2.08,ml,15.0,169,0.1278,0.27,ci,ci40072647,2022-08-03T20:31:00.316Z,"16km WSW of Delta, B.C., MX",earthquake,0.79,1.11,0.201,19,reviewed,ci,ci
2022-07-28T15:56:06.620Z,31.5656667,-115.6431667,4.57,2.25,ml,9.0,182,0.2113,0.15,ci,ci40071175,2022-07-28T17:25:23.915Z,"86km SSW of Alberto Oviedo Mota, B.C., MX",earthquake,0.46,1.92,0.111,14,reviewed,ci,ci
2022-07-27T06:16:57.520Z,31.9335,-115.7121667,15.94,2.18,ml,12.0,118,0.2127,0.24,ci,ci40070327,2022-07-27T15:25:32.460Z,"61km WSW of Alberto Oviedo Mota, B.C., MX",earthquake,0.46,1.47,0.214,17,reviewed,ci,ci
2022-07-26T22:16:14.330Z,31.5468333,-115.6991667,7.63,2.66,ml,9.0,125,0.1711,0.1,ci,ci40070191,2022-10-01T22:09:20.040Z,"84km ESE of Maneadero, B.C., MX",earthquake,0.5,1.39,0.125,54,reviewed,ci,ci
2022-07-25T12:48:29.420Z,31.91,-116.7675,13.26,2.32,ml,21.0,217,0.09719,0.17,ci,ci40069311,2022-07-25T19:00:33.654Z,"8km W of El Sauzal, B.C., MX",earthquake,0.37,0.5,0.102,8,reviewed,ci,ci
2022-07-25T11:21:07.660Z,31.9075,-116.7616667,16.69,4.29,mw,34.0,214,0.09164,0.27,ci,ci40069263,2022-10-01T22:09:50.040Z,"7km W of El Sauzal, B.C., MX",earthquake,0.47,0.64,,6,reviewed,ci,ci
2022-07-25T11:09:15.140Z,31.9093333,-116.7925,14.64,2.53,ml,18.0,220,0.1165,0.17,ci,ci40069255,2022-10-01T22:09:50.040Z,"10km W of El Sauzal, B.C., MX",earthquake,0.66,0.41,0.147,23,reviewed,ci,ci
2022-07-24T06:12:01.270Z,32.399,-115.2408333,10.97,3.09,ml,35.0,101,0.058,0.35,ci,ci40068679,2022-10-01T22:09:47.040Z,"7km NW of Delta, B.C., MX",earthquake,0.56,0.87,0.272,43,reviewed,ci,ci
2022-07-22T22:38:48.500Z,31.8516667,-116.233,20.12,2.73,ml,13.0,133,0.2864,0.22,ci,ci40068103,2022-09-27T16:57:16.040Z,"35km ENE of Maneadero, B.C., MX",earthquake,0.43,1.63,0.119,65,reviewed,ci,ci
2022-07-21T21:04:41.830Z,31.9245,-116.2701667,16.16,2.82,ml,26.0,120,0.2853,0.24,ci,ci40067463,2022-09-27T16:57:13.040Z,"34km E of Ensenada, B.C., MX",earthquake,0.41,1.29,0.162,20,reviewed,ci,ci
2022-07-19T00:33:27.084Z,31.0166,-116.7829,10.0,3.0,ml,19.0,259,0.855,0.67,us,us6000i3kh,2022-09-27T16:57:01.040Z,"59 km W of Las Brisas, Mexico",earthquake,3.73,1.999,0.057,40,reviewed,us,us
2022-07-16T10:40:39.284Z,31.2106,-116.6584,10.0,4.0,mwr,105.0,210,0.655,0.53,us,us6000i30i,2022-09-27T16:56:53.040Z,"41 km WSW of San Vicente, Mexico",earthquake,2.97,1.914,,7,reviewed,us,ci
2022-07-10T06:53:50.010Z,32.4193333,-115.2146667,5.31,2.04,ml,20.0,72,0.0764,0.27,ci,ci40301096,2022-07-11T17:10:55.224Z,"7km NNW of Delta, B.C., MX",earthquake,0.35,1.15,0.179,8,reviewed,ci,ci
2022-07-06T04:06:43.380Z,32.188,-115.1888333,22.77,2.48,ml,23.0,61,0.1492,0.21,ci,ci40297784,2022-09-13T06:22:55.040Z,"5km SSW of Alberto Oviedo Mota, B.C., MX",earthquake,0.36,0.87,0.271,54,reviewed,ci,ci
2022-07-04T23:01:36.880Z,31.6666667,-115.9706667,5.02,2.4,ml,18.0,140,0.3174,0.23,ci,ci40296624,2022-07-07T22:08:14.027Z,"57km E of Maneadero, B.C., MX",earthquake,0.4,31.61,0.159,17,reviewed,ci,ci
2022-06-29T09:10:10.042Z,31.3357,-115.9243,10.0,2.6,ml,30.0,202,0.132,1.07,us,us7000hl1x,2022-09-03T21:03:48.040Z,"30 km E of San Vicente, Mexico",earthquake,3.31,1.973,0.069,28,reviewed,us,us
2022-06-24T20:24:45.960Z,31.8148333,-116.1671667,17.14,2.43,ml,17.0,136,0.2657,0.17,ci,ci40290792,2022-06-24T22:13:19.186Z,"39km ENE of Maneadero, B.C., MX",earthquake,0.32,0.63,0.079,9,reviewed,ci,ci
2022-06-23T01:06:15.040Z,32.3521667,-115.2111667,15.94,2.38,ml,18.0,179,0.104,0.31,ci,ci37425564,2022-06-23T18:00:48.906Z,"2km W of Delta, B.C., MX",earthquake,0.7,1.39,0.202,9,reviewed,ci,ci
2022-06-20T03:40:29.350Z,32.3988333,-115.2291667,19.74,3.75,mw,32.0,102,0.06737,0.32,ci,ci40287560,2022-08-28T03:19:05.040Z,"6km NW of Delta, B.C., MX",earthquake,0.55,0.93,,4,reviewed,ci,ci
2022-06-18T05:03:14.121Z,30.0788,-113.8135,10.0,5.1,mww,48.0,155,1.309,0.49,us,us7000hiar,2022-08-28T03:18:18.040Z,"109 km W of La Libertad, Mexico",earthquake,2.63,1.89,0.056,31,reviewed,us,us
2022-06-18T05:00:44.328Z,30.1501,-113.7326,10.0,5.1,mww,89.0,109,1.309,0.84,us,us7000hial,2022-08-28T03:18:18.040Z,"103 km WNW of La Libertad, Mexico",earthquake,4.28,1.87,0.041,58,reviewed,us,us
2022-06-18T04:51:29.788Z,30.0817,-113.7212,10.0,5.2,mww,60.0,153,2.024,0.78,us,us7000hiaj,2022-08-28T03:18:17.040Z,"101 km W of La Libertad, Mexico",earthquake,6.8,1.9,0.035,80,reviewed,us,us
2022-06-13T11:10:24.430Z,32.0898333,-116.3596667,5.06,2.37,ml,27.0,127,0.3405,0.2,ci,ci40039447,2022-06-13T20:00:21.713Z,"35km NE of Ensenada, B.C., MX",earthquake,0.31,31.61,0.151,23,reviewed,ci,ci
2022-06-12T22:48:16.660Z,32.333,-115.2348333,27.02,2.73,ml,20.0,192,0.1047,0.27,ci,ci40039015,2022-08-21T00:16:38.040Z,"5km WSW of Delta, B.C., MX",earthquake,0.64,0.87,0.242,28,reviewed,ci,ci
2022-06-12T22:44:41.510Z,32.3343333,-115.2368333,25.65,3.06,ml,24.0,187,0.1027,0.3,ci,ci40039007,2022-08-21T00:16:37.040Z,"5km WSW of Delta, B.C., MX",earthquake,0.66,1.08,0.229,43,reviewed,ci,ci
2022-06-12T18:44:45.846Z,23.9797,-109.0111,10.0,4.2,mb,31.0,120,0.903,0.89,us,us7000hgyx,2022-08-21T00:16:33.040Z,"72 km NE of La Rivera, Mexico",earthquake,5.9,2.0,0.081,42,reviewed,us,us
2022-06-11T11:25:29.610Z,32.35,-115.2976667,5.04,2.07,ml,19.0,110,0.06958,0.28,ci,ci40038327,2022-06-12T17:22:36.591Z,"10km W of Delta, B.C., MX",earthquake,0.54,1.46,0.145,22,reviewed,ci,ci
2022-06-09T18:40:09.342Z,24.8549,-115.201,10.0,4.2,mb,81.0,95,3.62,0.87,us,us7000hga1,2022-08-13T21:53:18.040Z,"269 km SSW of Bahía Asunción, Mexico",earthquake,9.6,1.9,0.071,56,reviewed,us,us
2022-06-09T08:57:58.740Z,32.4051667,-115.2213333,12.05,2.23,ml,22.0,77,0.0722,0.32,ci,ci40036951,2022-06-09T18:10:38.920Z,"6km NNW of Delta, B.C., MX",earthquake,0.61,2.5,0.178,23,reviewed,ci,ci
2022-06-07T00:32:50.230Z,32.4935,-116.305,16.07,2.51,ml,44.0,73,0.1653,0.19,ci,ci40035191,2022-08-13T21:52:09.040Z,"20km SE of Campo, CA",earthquake,0.23,0.65,0.17,70,reviewed,ci,ci
2022-06-04T01:57:54.086Z,25.1137,-109.7543,10.0,4.0,mb,19.0,128,1.432,1.21,us,us7000hg6u,2022-08-13T21:51:46.040Z,"83 km SSW of Campo Pesquero el Colorado, Mexico",earthquake,7.3,2.0,0.231,6,reviewed,us,us
2022-06-04T01:38:59.925Z,25.196,-109.7535,10.0,4.7,mb,30.0,127,0.76,0.47,us,us7000hetv,2022-08-13T21:52:09.040Z,"76 km SW of Campo Pesquero el Colorado, Mexico",earthquake,3.71,1.898,0.047,137,reviewed,us,us
2022-06-04T01:04:30.470Z,25.1162,-109.6413,10.0,4.2,mb,45.0,122,0.727,1.15,us,us7000heth,2022-08-13T21:52:09.040Z,"78 km SSW of Campo Pesquero el Colorado, Mexico",earthquake,4.33,1.94,0.062,75,reviewed,us,us
2022-06-02T04:36:18.680Z,31.854,-115.7315,14.06,2.44,ml,11.0,138,0.2377,0.19,ci,ci40032143,2022-06-02T15:23:56.669Z,"67km SW of Alberto Oviedo Mota, B.C., MX",earthquake,0.73,1.31,0.172,35,reviewed,ci,ci
2022-06-01T13:56:26.696Z,25.8259,-110.5196,10.0,4.2,mb,98.0,148,2.142,0.34,us,us7000he30,2022-08-06T22:13:13.040Z,"85 km ESE of Loreto, Mexico",earthquake,8.5,1.9,0.064,69,reviewed,us,us
2022-06-01T07:36:29.990Z,25.8786,-110.153,10.0,4.2,mb,36.0,180,1.041,1.29,us,us7000he0s,2022-08-06T22:13:12.040Z,"81 km W of Las Grullas Margen Derecha, Mexico",earthquake,3.86,1.949,0.076,48,reviewed,us,us
2022-05-31T19:17:26.210Z,31.3605,-115.8805,6.6,2.72,ml,6.0,217,0.0881,0.08,ci,ci40031103,2022-05-31T20:02:33.452Z,"76km ESE of Maneadero, B.C., MX",earthquake,0.71,0.3,0.177,4,reviewed,ci,ci
2022-05-31T05:54:36.730Z,32.37,-115.2426667,13.96,2.48,ml,18.0,181,0.07223,0.25,ci,ci40030767,2022-08-06T22:13:09.040Z,"5km WNW of Delta, B.C., MX",earthquake,0.58,0.76,0.113,10,reviewed,ci,ci
2022-05-31T05:24:03.630Z,32.394,-115.2476667,6.94,2.76,ml,26.0,72,0.05476,0.25,ci,ci40030751,2022-08-06T22:13:09.040Z,"7km NW of Delta, B.C., MX",earthquake,0.38,0.78,0.209,15,reviewed,ci,ci
2022-05-29T21:30:47.090Z,32.3625,-115.2258333,11.55,2.16,ml,14.0,181,0.08784,0.29,ci,ci40030055,2022-05-31T17:56:19.054Z,"3km WNW of Delta, B.C., MX",earthquake,1.07,0.77,0.175,6,reviewed,ci,ci
2022-05-29T15:26:56.190Z,31.8693333,-116.1776667,12.04,3.83,ml,20.0,126,0.2374,0.25,ci,ci40029871,2022-08-06T22:13:04.040Z,"40km ENE of Maneadero, B.C., MX",earthquake,0.4,1.36,0.125,114,reviewed,ci,ci
2022-05-28T08:56:04.570Z,31.9726667,-116.8683333,10.69,2.05,ml,18.0,223,0.2024,0.21,ci,ci40028999,2022-06-01T15:20:38.372Z,"19km WNW of El Sauzal, B.C., MX",earthquake,0.78,1.18,0.11,25,reviewed,ci,ci
2022-05-15T02:33:34.110Z,31.5145,-115.6358333,9.02,2.95,ml,9.0,101,0.1763,0.09,ci,ci40019135,2022-07-24T02:38:43.040Z,"91km SSW of Alberto Oviedo Mota, B.C., MX",earthquake,0.23,0.67,0.137,56,reviewed,ci,ci
2022-05-15T02:26:34.720Z,31.504,-115.6405,8.73,3.24,ml,8.0,107,0.1663,0.21,ci,ci40019119,2022-07-24T02:38:42.040Z,"91km ESE of Maneadero, B.C., MX",earthquake,0.81,2.3,0.153,25,reviewed,ci,ci
2022-05-08T12:01:36.980Z,32.0471667,-116.3476667,24.21,2.1,ml,23.0,94,0.3232,0.19,ci,ci40254496,2022-05-09T14:30:33.385Z,"32km NE of Ensenada, B.C., MX",earthquake,0.4,0.7,0.114,31,reviewed,ci,ci
2022-05-08T09:46:04.090Z,31.1498333,-115.9853333,9.36,2.6,ml,6.0,226,0.2962,0.08,ci,ci40254480,2022-05-09T17:56:54.302Z,"84km SE of Maneadero, B.C., MX",earthquake,0.38,0.66,0.174,8,reviewed,ci,ci
2022-05-05T19:51:12.050Z,32.0308333,-116.1951667,11.24,2.11,ml,17.0,155,0.2116,0.18,ci,ci40253144,2022-05-05T20:02:02.594Z,"44km ENE of Ensenada, B.C., MX",earthquake,0.47,1.76,0.119,24,reviewed,ci,ci
2022-05-03T22:57:37.620Z,32.025,-116.4455,20.19,2.69,ml,19.0,95,0.2433,0.17,ci,ci40251568,2022-07-09T21:39:56.040Z,"24km NE of Ensenada, B.C., MX",earthquake,0.37,1.6,0.138,71,reviewed,ci,ci
2022-05-03T13:55:53.490Z,32.2183333,-117.249,20.46,2.46,ml,19.0,282,0.3344,0.14,ci,ci40251176,2022-07-09T21:39:55.040Z,"24km WSW of Rosarito, B.C., MX",earthquake,0.66,1.9,0.107,46,reviewed,ci,ci
2022-04-26T19:39:24.530Z,31.2615,-115.531,5.2,2.79,ml,3.0,191,0.2523,0.08,ci,ci40246520,2022-04-27T21:11:55.755Z,"110km ESE of Maneadero, B.C., MX",earthquake,1.02,31.61,0.183,61,reviewed,ci,ci
2022-04-24T07:16:25.230Z,31.4452,-115.7009,10.0,2.5,ml,23.0,114,0.089,0.66,us,us6000hg0i,2022-07-05T03:40:02.040Z,"53 km ENE of San Vicente, Mexico",earthquake,2.3,2.0,0.066,30,reviewed,us,us
2022-04-22T15:47:28.810Z,31.9308333,-116.9095,14.97,2.51,ml,22.0,243,0.2177,0.17,ci,ci40243888,2022-06-26T01:20:56.040Z,"22km W of El Sauzal, B.C., MX",earthquake,0.65,0.85,0.143,24,reviewed,ci,ci
2022-04-21T23:16:22.010Z,32.2805,-115.337,2.83,2.56,ml,21.0,204,0.1412,0.25,ci,ci40243496,2022-06-26T01:20:42.040Z,"16km WSW of Delta, B.C., MX",earthquake,0.54,0.61,0.273,13,reviewed,ci,ci
2022-04-20T16:54:32.710Z,32.4128333,-115.2761667,5.72,2.5,ml,20.0,113,0.02528,0.31,ci,ci40242344,2022-06-26T01:20:08.040Z,"10km NW of Delta, B.C., MX",earthquake,0.6,0.49,0.287,12,reviewed,ci,ci
2022-04-20T14:46:31.730Z,32.4391667,-115.2781667,4.19,2.2,ml,18.0,68,0.02999,0.24,ci,ci40242232,2022-04-20T21:32:16.647Z,"12km NW of Delta, B.C., MX",earthquake,0.3,0.82,0.219,9,reviewed,ci,ci
2022-04-20T11:33:07.280Z,31.8566667,-115.7346667,9.44,2.81,ml,24.0,86,0.2339,0.28,ci,ci40242088,2022-06-26T01:20:03.040Z,"67km SW of Alberto Oviedo Mota, B.C., MX",earthquake,0.3,1.24,0.128,18,reviewed,ci,ci
2022-04-19T00:27:35.890Z,32.407,-115.2496667,11.13,2.76,ml,27.0,112,0.04843,0.33,ci,ci40240688,2022-06-26T01:19:25.040Z,"8km NW of Delta, B.C., MX",earthquake,0.71,1.15,0.121,12,reviewed,ci,ci
2022-04-19T00:00:03.350Z,32.3358333,-115.2545,10.97,2.21,ml,17.0,216,0.09373,0.27,ci,ci40240656,2022-04-19T15:13:23.360Z,"6km WSW of Delta, B.C., MX",earthquake,0.92,0.71,0.232,7,reviewed,ci,ci
2022-04-18T23:30:49.110Z,32.425,-115.259,4.76,2.49,ml,23.0,107,0.03929,0.27,ci,ci40240600,2022-06-26T01:19:22.040Z,"10km NW of Delta, B.C., MX",earthquake,0.3,0.68,0.206,13,reviewed,ci,ci
2022-04-18T23:18:49.000Z,32.3671667,-115.2463333,10.96,2.56,ml,17.0,172,0.07202,0.25,ci,ci37496061,2022-06-26T01:19:22.040Z,"5km WNW of Delta, B.C., MX",earthquake,0.85,0.55,0.079,8,reviewed,ci,ci
2022-04-18T22:35:34.450Z,32.415,-115.2528333,18.5,3.31,ml,37.0,79,0.04435,0.29,ci,ci40240528,2022-08-09T06:24:22.197Z,"9km NW of Delta, B.C., MX",earthquake,0.48,1.37,0.138,107,reviewed,ci,ci
2022-04-18T22:22:12.970Z,32.4235,-115.26,2.67,2.94,ml,35.0,99,0.03827,0.31,ci,ci40240504,2022-06-26T01:19:20.040Z,"10km NW of Delta, B.C., MX",earthquake,0.34,0.43,0.144,94,reviewed,ci,ci
2022-04-18T21:13:14.960Z,32.3985,-115.2255,12.86,2.03,ml,18.0,162,0.07043,0.33,ci,ci40240392,2022-04-19T18:12:08.851Z,"6km NNW of Delta, B.C., MX",earthquake,0.55,1.19,0.258,11,reviewed,ci,ci
2022-04-17T05:38:25.420Z,31.6538333,-115.9406667,16.73,3.77,mw,10.0,138,0.2939,0.14,ci,ci40238728,2022-06-26T01:18:43.040Z,"60km E of Maneadero, B.C., MX",earthquake,0.39,0.95,,4,reviewed,ci,ci
2022-04-15T13:09:35.460Z,31.9323333,-116.9211667,10.23,2.05,ml,19.0,243,0.2276,0.17,ci,ci40237168,2022-04-15T20:17:41.545Z,"23km W of El Sauzal, B.C., MX",earthquake,0.58,1.0,0.172,11,reviewed,ci,ci
2022-04-15T04:30:55.980Z,31.9305,-116.8925,14.51,4.53,mw,27.0,234,0.2038,0.23,ci,ci40236864,2025-05-25T01:07:05.479Z,"20km W of El Sauzal, B.C., MX",earthquake,0.8,1.06,,6,reviewed,ci,ci
2022-04-14T13:47:46.240Z,31.6505,-115.9188333,11.1,2.33,ml,13.0,135,0.2828,0.11,ci,ci39992223,2022-04-14T16:53:27.109Z,"62km E of Maneadero, B.C., MX",earthquake,0.38,0.53,0.196,5,reviewed,ci,ci
2022-04-12T10:57:05.720Z,32.2803333,-115.3418333,10.72,2.67,ml,24.0,82,0.1422,0.25,ci,ci39990663,2022-06-20T22:07:56.040Z,"16km WSW of Delta, B.C., MX",earthquake,0.42,1.17,0.163,44,reviewed,ci,ci
2022-04-10T06:58:16.410Z,31.5356667,-115.7515,14.39,3.09,ml,14.0,125,0.1465,0.15,ci,ci39989815,2022-06-20T22:07:40.040Z,"80km ESE of Maneadero, B.C., MX",earthquake,0.55,0.74,0.125,50,reviewed,ci,ci
2022-04-09T15:36:51.910Z,30.9015,-117.3523333,5.96,3.93,ml,12.0,299,1.129,0.22,ci,ci39989439,2022-04-11T16:56:08.252Z,"117km SW of Maneadero, B.C., MX",earthquake,1.95,31.61,0.213,23,reviewed,ci,ci
2022-04-03T22:22:55.150Z,32.3836667,-115.2511667,12.02,2.01,ml,21.0,120,0.05788,0.3,ci,ci39985447,2022-04-04T22:14:54.290Z,"6km WNW of Delta, B.C., MX",earthquake,0.73,1.73,0.384,16,reviewed,ci,ci
2022-03-27T20:01:34.190Z,32.4415,-115.1998333,16.24,2.28,ml,16.0,179,0.0916,0.19,ci,ci39980023,2022-03-28T16:51:20.874Z,"10km N of Delta, B.C., MX",earthquake,0.49,0.81,0.077,7,reviewed,ci,ci
2022-03-26T06:30:07.660Z,32.2455,-115.2626667,14.85,2.31,ml,16.0,178,0.1682,0.18,ci,ci39978855,2022-03-28T15:20:35.848Z,"9km WNW of Alberto Oviedo Mota, B.C., MX",earthquake,0.33,0.62,0.11,5,reviewed,ci,ci
2022-03-22T15:38:53.770Z,32.2525,-115.273,11.48,2.39,ml,22.0,125,0.1687,0.22,ci,ci39974407,2022-03-22T20:19:53.253Z,"10km WNW of Alberto Oviedo Mota, B.C., MX",earthquake,0.4,1.01,0.206,40,reviewed,ci,ci
2022-03-21T15:09:40.730Z,32.4013333,-115.233,6.86,2.43,ml,25.0,80,0.06354,0.26,ci,ci39973455,2022-03-21T20:19:03.761Z,"6km NW of Delta, B.C., MX",earthquake,0.4,0.93,0.185,25,reviewed,ci,ci
2022-03-17T04:53:50.680Z,32.253,-115.2711667,14.95,2.46,ml,25.0,85,0.1685,0.21,ci,ci39969815,2022-05-27T14:55:30.040Z,"10km WNW of Alberto Oviedo Mota, B.C., MX",earthquake,0.47,0.79,0.2,34,reviewed,ci,ci
2022-03-17T01:14:41.670Z,32.16,-115.1471667,21.88,2.76,ml,18.0,91,0.1547,0.26,ci,ci39969703,2022-05-27T14:55:32.040Z,"8km SSE of Alberto Oviedo Mota, B.C., MX",earthquake,0.46,0.87,0.175,12,reviewed,ci,ci
2022-03-15T03:36:21.936Z,27.7416,-111.7258,10.0,4.2,mb,,89,0.621,0.66,us,us6000h4ly,2022-05-27T14:55:25.040Z,"69 km NE of Santa Rosalía, Mexico",earthquake,1.8,2.0,0.373,2,reviewed,us,us
2022-03-13T20:48:57.940Z,32.1903333,-115.1636667,22.91,2.89,ml,23.0,48,0.1346,0.24,ci,ci40206920,2022-05-27T14:55:22.040Z,"4km S of Alberto Oviedo Mota, B.C., MX",earthquake,0.47,0.72,0.306,7,reviewed,ci,ci
2022-03-13T01:12:34.100Z,32.334,-115.3018333,5.76,2.39,ml,18.0,141,0.0853,0.27,ci,ci40206328,2022-03-14T20:21:27.763Z,"10km WSW of Delta, B.C., MX",earthquake,0.58,1.27,0.177,39,reviewed,ci,ci
2022-03-11T20:13:22.690Z,32.2891667,-115.0343333,20.97,2.44,ml,18.0,189,0.03785,0.12,ci,ci40205392,2022-03-11T22:00:46.677Z,"7km E of Guadalupe Victoria, B.C., MX",earthquake,0.48,0.3,0.264,16,reviewed,ci,ci
2022-03-10T18:20:21.360Z,32.243,-115.2456667,14.05,2.19,ml,15.0,142,0.1556,0.27,ci,ci40204424,2022-03-10T19:03:34.060Z,"7km WNW of Alberto Oviedo Mota, B.C., MX",earthquake,0.61,1.3,0.196,7,reviewed,ci,ci
2022-03-03T21:18:35.380Z,32.0253333,-114.9261667,20.68,2.82,ml,14.0,168,0.1434,0.29,ci,ci40199104,2022-05-07T21:32:49.040Z,"20km SSE of Estacion Coahuila, B.C., MX",earthquake,0.83,0.95,0.126,21,reviewed,ci,ci
2022-03-02T01:37:54.820Z,31.3552,-115.4005,28.24,3.1,ml,,153,0.33,1.02,us,us6000h19n,2022-05-07T21:32:41.040Z,"64 km NW of San Felipe, Mexico",earthquake,2.0,9.8,0.055,44,reviewed,us,us
2022-02-28T11:57:25.370Z,32.3331667,-115.3583333,15.54,3.26,ml,44.0,86,0.0972,0.32,ci,ci40195880,2022-05-07T21:32:37.040Z,"16km W of Delta, B.C., MX",earthquake,0.41,0.71,0.149,21,reviewed,ci,ci
2022-02-27T21:20:56.040Z,32.0478333,-116.3325,5.06,2.44,ml,19.0,141,0.3294,0.21,ci,ci40195456,2022-03-01T19:53:31.453Z,"34km NE of Ensenada, B.C., MX",earthquake,0.51,31.61,0.195,22,reviewed,ci,ci
2022-02-27T16:06:32.900Z,31.2145,-115.8701667,3.77,2.72,ml,9.0,214,0.1912,0.09,ci,ci40195232,2022-02-28T17:59:32.526Z,"86km SE of Maneadero, B.C., MX",earthquake,0.26,0.57,0.115,5,reviewed,ci,ci
2022-02-25T09:18:10.185Z,30.1675,-113.6942,10.0,4.4,mb,,108,1.224,0.41,us,us6000h018,2022-05-04T13:40:37.040Z,"100 km WNW of La Libertad, Mexico",earthquake,2.5,1.9,0.06,80,reviewed,us,us
2022-02-21T02:44:51.960Z,32.3283333,-115.2213333,11.25,2.26,ml,19.0,186,0.1152,0.29,ci,ci40190864,2022-02-22T17:43:17.000Z,"4km SW of Delta, B.C., MX",earthquake,0.53,0.98,0.233,7,reviewed,ci,ci
2022-02-20T23:17:31.730Z,32.2935,-115.3176667,25.5,2.56,ml,20.0,155,0.1261,0.26,ci,ci40190792,2022-05-04T13:39:05.040Z,"14km WSW of Delta, B.C., MX",earthquake,0.56,1.37,0.247,25,reviewed,ci,ci
2022-02-20T23:15:10.600Z,32.2963333,-115.3225,19.62,2.25,ml,23.0,154,0.1237,0.29,ci,ci40190800,2022-02-22T17:24:57.463Z,"14km WSW of Delta, B.C., MX",earthquake,0.44,0.67,0.222,11,reviewed,ci,ci
2022-02-20T09:51:21.880Z,32.3948333,-115.2485,19.3,2.32,ml,23.0,104,0.05375,0.32,ci,ci40190328,2022-02-22T21:36:10.560Z,"7km NW of Delta, B.C., MX",earthquake,0.6,1.17,0.187,35,reviewed,ci,ci
2022-02-19T14:01:03.380Z,32.399,-115.1361667,24.09,2.09,ml,22.0,205,0.1443,0.29,ci,ci40189560,2022-02-20T19:20:29.454Z,"7km NE of Delta, B.C., MX",earthquake,0.94,1.45,0.257,21,reviewed,ci,ci
2022-02-18T22:42:50.030Z,32.0906667,-115.068,24.04,2.73,ml,16.0,119,0.1175,0.25,ci,ci40189160,2022-04-30T14:18:28.040Z,"13km SSW of Estacion Coahuila, B.C., MX",earthquake,0.7,0.68,0.2,37,reviewed,ci,ci
2022-02-18T15:30:24.060Z,32.3746667,-115.3391667,2.68,2.13,ml,23.0,73,0.05323,0.2,ci,ci40188872,2022-02-18T17:59:18.488Z,"14km W of Delta, B.C., MX",earthquake,0.27,0.47,0.136,13,reviewed,ci,ci
2022-02-18T06:21:46.780Z,32.3053333,-115.3378333,15.98,2.4,ml,26.0,90,0.1172,0.24,ci,ci40188664,2022-02-18T20:14:11.381Z,"15km WSW of Delta, B.C., MX",earthquake,0.39,0.93,0.256,20,reviewed,ci,ci
2022-02-18T03:04:17.840Z,32.4325,-115.2726667,4.47,2.98,ml,38.0,68,0.03026,0.3,ci,ci40188560,2022-06-15T19:43:04.270Z,"11km NW of Delta, B.C., MX",earthquake,0.34,0.84,0.207,20,reviewed,ci,ci
2022-02-17T22:44:39.260Z,32.2958333,-115.3145,19.0,2.48,ml,24.0,155,0.1236,0.29,ci,ci40188408,2022-04-30T14:18:24.040Z,"13km WSW of Delta, B.C., MX",earthquake,0.44,0.61,0.172,13,reviewed,ci,ci
2022-02-15T21:42:05.480Z,32.3778333,-115.339,3.08,2.2,ml,19.0,112,0.05053,0.24,ci,ci40187016,2022-02-16T00:57:26.007Z,"14km W of Delta, B.C., MX",earthquake,0.42,0.67,0.185,18,reviewed,ci,ci
2022-02-14T09:13:22.190Z,31.8636667,-116.1843333,15.44,3.36,ml,41.0,128,0.2453,0.26,ci,ci40185312,2022-04-30T14:18:11.040Z,"40km ENE of Maneadero, B.C., MX",earthquake,0.33,1.01,0.209,26,reviewed,ci,ci
2022-02-14T08:53:08.470Z,31.8561667,-116.1773333,15.3,3.03,ml,21.0,129,0.2449,0.23,ci,ci40185288,2022-04-30T14:18:11.040Z,"40km ENE of Maneadero, B.C., MX",earthquake,0.42,1.59,0.109,70,reviewed,ci,ci
2022-02-14T08:53:01.010Z,31.8526667,-116.177,16.42,2.93,ml,20.0,130,0.2468,0.23,ci,ci40185280,2022-04-30T14:18:11.040Z,"40km ENE of Maneadero, B.C., MX",earthquake,0.45,1.36,0.13,14,reviewed,ci,ci
2022-02-14T08:44:24.980Z,31.8545,-116.1685,15.46,2.73,ml,26.0,128,0.24,0.25,ci,ci40185272,2022-04-30T14:18:11.040Z,"41km ENE of Maneadero, B.C., MX",earthquake,0.29,1.13,0.194,19,reviewed,ci,ci
2022-02-09T12:18:34.630Z,32.3611667,-115.3416667,1.81,2.34,ml,26.0,132,0.06592,0.18,ci,ci40180784,2022-02-09T16:37:19.819Z,"14km W of Delta, B.C., MX",earthquake,0.34,0.88,0.158,15,reviewed,ci,ci
2022-02-03T09:55:31.740Z,31.8746667,-117.1153333,22.58,2.58,ml,10.0,274,0.3837,0.08,ci,ci40175176,2022-04-15T17:57:15.040Z,"41km W of El Sauzal, B.C., MX",earthquake,0.54,1.94,0.14,56,reviewed,ci,ci
2022-02-01T22:30:43.310Z,31.9091667,-116.052,19.08,2.57,ml,23.0,114,0.13,0.16,ci,ci39930151,2022-04-15T17:57:11.040Z,"53km ENE of Maneadero, B.C., MX",earthquake,0.28,0.56,0.179,23,reviewed,ci,ci
2022-02-01T01:24:24.220Z,32.3751667,-115.2178333,11.85,2.42,ml,20.0,166,0.08598,0.3,ci,ci39929439,2022-02-01T16:21:40.515Z,"3km NW of Delta, B.C., MX",earthquake,0.83,1.09,0.229,31,reviewed,ci,ci
2022-01-31T16:24:05.220Z,32.4816667,-115.1796667,12.74,2.03,ml,19.0,82,0.1228,0.28,ci,ci39928887,2022-01-31T19:38:34.210Z,"14km N of Delta, B.C., MX",earthquake,0.43,1.2,0.293,14,reviewed,ci,ci
2022-01-28T06:05:58.700Z,32.4788333,-116.9325,15.65,2.59,ml,65.0,128,0.1076,0.22,ci,ci39925911,2022-04-09T20:19:13.040Z,"10km SE of Tijuana, B.C., MX",earthquake,0.32,0.23,0.184,26,reviewed,ci,ci
2022-01-27T22:05:48.680Z,31.6386667,-116.01,6.02,2.12,ml,10.0,180,0.3131,0.08,ci,ci39925639,2022-01-27T23:46:01.478Z,"53km E of Maneadero, B.C., MX",earthquake,0.34,1.71,0.167,6,reviewed,ci,ci
2022-01-24T22:11:56.420Z,32.1498333,-116.4296667,12.59,2.01,ml,24.0,107,0.3447,0.17,ci,ci39922431,2022-01-25T20:50:35.822Z,"36km NNE of Ensenada, B.C., MX",earthquake,0.39,1.23,0.18,11,reviewed,ci,ci
2022-01-21T22:00:02.384Z,26.6934,-110.9803,10.0,4.4,mb,,184,3.201,0.95,us,us7000ge1a,2022-04-01T17:40:27.040Z,"83 km NNE of Loreto, Mexico",earthquake,7.6,1.6,0.056,93,reviewed,us,us
2022-01-21T21:26:35.964Z,26.7675,-110.8671,10.0,5.3,mww,,110,3.773,0.89,us,us7000ge0y,2022-04-01T17:40:27.040Z,"76 km SSW of Bahía de Lobos, Mexico",earthquake,6.9,1.9,0.039,63,reviewed,us,us
2022-01-18T15:25:15.930Z,31.7245,-116.2573333,5.23,2.41,ml,14.0,164,0.375,0.33,ci,ci39915711,2022-01-18T22:21:31.444Z,"29km E of Maneadero, B.C., MX",earthquake,0.69,31.61,0.225,21,reviewed,ci,ci
2022-01-16T09:18:14.410Z,32.4055,-115.1826667,15.88,2.75,ml,29.0,126,0.1044,0.32,ci,ci39913895,2022-04-01T17:40:12.040Z,"6km N of Delta, B.C., MX",earthquake,0.48,0.85,0.207,16,reviewed,ci,ci
2022-01-15T07:46:04.930Z,31.2196667,-115.6476667,11.56,3.03,ml,5.0,222,0.2072,0.1,ci,ci39913183,2022-01-16T16:38:10.385Z,"103km ESE of Maneadero, B.C., MX",earthquake,1.26,2.28,0.138,49,reviewed,ci,ci
2022-01-15T06:33:46.520Z,31.5731667,-115.9938333,19.35,3.22,ml,10.0,163,0.2549,0.1,ci,ci39913151,2022-04-01T17:40:10.040Z,"56km ESE of Maneadero, B.C., MX",earthquake,0.61,1.35,0.159,67,reviewed,ci,ci
2022-01-12T06:29:21.100Z,31.4302,-115.7134,25.1,2.4,ml,,120,0.071,0.61,us,us7000gbde,2022-03-19T22:07:51.040Z,"52 km ENE of San Vicente, Mexico",earthquake,2.1,9.8,0.074,24,reviewed,us,us
2022-01-12T02:40:26.067Z,31.4848,-115.6533,10.0,3.0,ml,,107,0.145,1.31,us,us7000gb71,2022-03-19T22:07:50.040Z,"59 km ENE of San Vicente, Mexico",earthquake,1.3,2.0,0.056,42,reviewed,us,us
2022-01-11T21:41:11.453Z,24.8507,-109.1013,10.0,4.3,mb,,182,0.748,0.81,us,us7000gb3k,2022-03-19T22:07:48.040Z,"79 km SSW of El Huitusi, Mexico",earthquake,6.1,1.9,0.072,55,reviewed,us,us
2022-01-11T20:44:46.870Z,31.8653333,-115.7423333,-0.45,2.58,ml,20.0,133,0.4738,0.37,ci,ci39909199,2022-03-19T22:07:48.040Z,"67km SW of Alberto Oviedo Mota, B.C., MX",earthquake,0.77,1.95,0.244,11,reviewed,ci,ci
2022-01-11T10:47:50.327Z,24.7597,-109.3479,10.0,4.5,mb,,157,0.882,0.69,us,us7000gave,2022-03-19T22:07:41.040Z,"97 km SSW of Topolobampo, Mexico",earthquake,6.2,1.9,0.048,129,reviewed,us,us
2022-01-10T00:52:25.592Z,31.4764,-115.6763,10.0,2.4,ml,,106,0.125,0.9,us,us7000gag9,2022-03-19T22:07:34.040Z,"56 km ENE of San Vicente, Mexico",earthquake,1.9,2.0,0.059,38,reviewed,us,us
2022-01-09T00:11:22.647Z,24.7518,-109.1019,10.0,4.7,mb,,106,0.846,0.89,us,us7000ga9j,2022-08-06T14:48:14.312Z,"90 km SSW of El Huitusi, Mexico",earthquake,6.1,1.8,0.055,100,reviewed,us,us
2022-01-07T11:32:26.480Z,31.5371667,-115.627,5.93,2.0,ml,12.0,130,0.1978,0.1,ci,ci39904775,2022-01-07T19:26:20.154Z,"88km SSW of Alberto Oviedo Mota, B.C., MX",earthquake,0.48,2.08,0.07,6,reviewed,ci,ci
2022-01-06T10:45:14.580Z,31.9756667,-116.2566667,17.88,2.01,ml,22.0,112,0.363,0.23,ci,ci39903807,2022-01-06T19:42:39.369Z,"36km ENE of Ensenada, B.C., MX",earthquake,0.46,1.07,0.149,12,reviewed,ci,ci
2022-01-06T09:00:55.350Z,31.6431667,-116.008,6.23,2.74,ml,22.0,151,0.3156,0.23,ci,ci39903759,2022-03-12T22:18:57.040Z,"54km E of Maneadero, B.C., MX",earthquake,0.78,4.23,0.135,10,reviewed,ci,ci
2022-01-02T00:16:14.080Z,32.2623333,-115.3403333,4.03,2.28,ml,17.0,171,0.1595,0.13,ci,ci39900807,2022-01-05T20:52:26.919Z,"16km WNW of Alberto Oviedo Mota, B.C., MX",earthquake,0.46,1.2,0.153,21,reviewed,ci,ci
2022-01-01T12:44:57.081Z,31.3965,-115.3674,21.03,3.1,ml,,140,0.356,0.46,us,us7000g8bj,2022-03-12T22:18:58.040Z,"65 km NW of San Felipe, Mexico",earthquake,1.2,11.2,0.07,27,reviewed,us,us
2021-12-28T02:43:56.790Z,29.9002,-113.6939,10.0,4.1,mb,,117,0.96,0.73,us,us6000gfrr,2022-03-05T23:10:46.040Z,"96 km W of La Libertad, Mexico",earthquake,4.4,2.0,0.234,6,reviewed,us,us
2021-12-27T02:10:33.670Z,32.324,-115.3663333,11.43,2.17,ml,22.0,108,0.1085,0.19,ci,ci39896911,2022-01-05T22:08:52.008Z,"17km WSW of Delta, B.C., MX",earthquake,0.27,0.55,0.141,15,reviewed,ci,ci
2021-12-26T21:09:30.419Z,29.7727,-113.834,10.0,4.1,mb,,131,0.859,0.73,us,us6000gfid,2022-03-05T23:10:43.040Z,"111 km W of La Libertad, Mexico",earthquake,5.3,2.0,0.124,18,reviewed,us,us
2021-12-26T18:43:31.297Z,29.9182,-113.8046,10.0,4.7,mb,,42,1.435,0.94,us,us6000gfhi,2022-03-05T23:10:42.040Z,"Baja California, Mexico",earthquake,4.5,1.9,0.063,75,reviewed,us,us
2021-12-25T19:21:16.300Z,32.3285,-115.3461667,16.32,2.55,ml,31.0,106,0.09719,0.3,ci,ci39896375,2022-03-05T23:10:40.040Z,"15km WSW of Delta, B.C., MX",earthquake,0.48,1.05,0.139,20,reviewed,ci,ci
2021-12-24T05:44:50.249Z,29.9939,-113.7224,10.0,4.9,mb,,134,1.425,0.84,us,us6000gezr,2022-03-05T23:10:35.040Z,"99 km W of La Libertad, Mexico",earthquake,4.1,1.9,0.091,38,reviewed,us,us
2021-12-23T14:13:23.994Z,27.5939,-111.5824,10.0,4.5,mb,,72,0.645,0.93,us,us6000gett,2022-03-01T16:39:53.040Z,"66 km SW of San Carlos, Mexico",earthquake,6.0,1.9,0.097,31,reviewed,us,us
2021-12-21T19:54:09.360Z,31.7176667,-115.9926667,4.98,2.5,ml,16.0,272,0.2888,0.23,ci,ci39892719,2022-03-01T16:38:59.040Z,"54km E of Maneadero, B.C., MX",earthquake,0.88,31.61,0.108,31,reviewed,ci,ci
2021-12-19T10:27:35.704Z,30.0098,-113.7587,10.0,4.6,mwr,,111,1.392,0.71,us,us6000gdks,2022-03-01T16:37:54.040Z,"103 km W of La Libertad, Mexico",earthquake,6.1,1.8,0.046,45,reviewed,us,us
2021-12-18T08:32:39.499Z,29.83,-113.7866,10.0,4.7,mb,,125,0.904,0.54,us,us6000gddc,2022-03-01T16:37:26.040Z,"106 km W of La Libertad, Mexico",earthquake,4.2,1.9,0.123,20,reviewed,us,us
2021-12-18T02:41:23.209Z,29.8652,-113.8879,10.0,4.5,mb,,218,1.434,1.31,us,us6000gdb9,2022-03-01T16:37:21.040Z,"115 km W of La Libertad, Mexico",earthquake,5.8,2.0,0.088,38,reviewed,us,us
2021-12-17T21:29:29.340Z,30.4775,-114.737,5.96,3.45,mlr,5.0,271,0.5669,0.11,ci,ci40129800,2021-12-17T23:06:38.872Z,"192km S of Estacion Coahuila, B.C., MX",earthquake,1.06,31.61,0.197,66,reviewed,ci,ci
2021-12-17T12:17:22.170Z,31.6793333,-115.0685,5.84,3.2,ml,17.0,119,0.3921,0.26,ci,ci40129416,2022-03-01T16:37:07.040Z,"58km S of Estacion Coahuila, B.C., MX",earthquake,0.35,31.61,0.175,74,reviewed,ci,ci
2021-12-17T02:59:58.798Z,24.8256,-109.1071,10.0,4.4,mb,,162,0.773,1.39,us,us6000gd0k,2022-03-01T16:36:58.040Z,"82 km SSW of El Huitusi, Mexico",earthquake,5.2,1.9,0.05,116,reviewed,us,us
2021-12-16T22:09:07.930Z,32.4216667,-115.2543333,6.13,2.19,ml,14.0,107,0.04291,0.35,ci,ci40129016,2021-12-17T01:00:03.992Z,"9km NW of Delta, B.C., MX",earthquake,0.75,1.66,0.236,21,reviewed,ci,ci
2021-12-16T13:13:36.910Z,32.3251667,-115.3526667,18.43,3.05,ml,30.0,77,0.1023,0.33,ci,ci40128720,2022-02-24T21:01:45.040Z,"15km WSW of Delta, B.C., MX",earthquake,0.55,1.24,0.159,74,reviewed,ci,ci
2021-12-15T22:06:34.934Z,29.7933,-113.848,10.0,4.3,mb,,131,0.882,0.96,us,us6000gck7,2022-02-24T21:01:28.040Z,"112 km W of La Libertad, Mexico",earthquake,4.8,2.0,0.237,5,reviewed,us,us
2021-12-15T10:38:40.030Z,29.9111,-113.8006,10.0,4.8,mb,,139,1.443,0.87,us,us6000gcdj,2022-08-06T17:24:14.425Z,"107 km W of La Libertad, Mexico",earthquake,3.4,1.8,0.097,33,reviewed,us,us
2021-12-14T06:36:15.330Z,31.6996667,-115.0538333,5.48,3.9,ml,11.0,162,0.6017,0.2,ci,ci39886887,2022-08-06T17:27:17.650Z,"55km S of Estacion Coahuila, B.C., MX",earthquake,0.45,31.61,0.216,108,reviewed,ci,ci
2021-12-14T02:31:32.038Z,24.807,-109.2209,10.0,5.1,mww,,155,3.693,0.8,us,us6000gc27,2025-12-22T22:22:28.894Z,"89 km S of Topolobampo, Mexico",earthquake,8.5,1.9,0.046,46,reviewed,us,us
2021-12-11T22:00:02.403Z,29.7774,-114.0326,10.0,4.5,mb,,143,0.926,1.28,us,us6000gbi1,2022-02-24T21:00:02.040Z,"130 km W of La Libertad, Mexico",earthquake,5.1,2.0,0.113,23,reviewed,us,us
2021-12-11T21:55:50.366Z,29.8607,-113.9285,10.0,4.3,mb,,133,0.968,0.85,us,us6000gbhw,2022-02-24T21:00:01.040Z,"119 km W of La Libertad, Mexico",earthquake,3.9,2.0,0.154,12,reviewed,us,us
2021-12-11T21:00:55.469Z,24.7784,-109.0983,10.0,4.1,mb,,185,0.819,0.87,us,us6000gbhg,2022-02-24T21:00:00.040Z,"87 km SSW of El Huitusi, Mexico",earthquake,5.3,1.9,0.086,37,reviewed,us,us
2021-12-11T09:56:12.137Z,25.3072,-109.2157,10.0,4.0,mb,,178,1.696,0.49,us,us6000gcht,2022-02-24T21:01:20.040Z,"36 km SSW of Topolobampo, Mexico",earthquake,7.3,2.0,0.093,33,reviewed,us,us
2021-12-09T15:31:05.156Z,30.0752,-113.6182,10.0,4.6,mb,,149,1.432,0.9,us,us6000gav6,2022-02-12T23:07:15.040Z,"91 km W of La Libertad, Mexico",earthquake,6.0,1.6,0.069,68,reviewed,us,us
2021-12-08T08:53:24.030Z,32.4168333,-115.2308333,9.52,2.03,ml,26.0,100,0.06279,0.28,ci,ci39882359,2021-12-08T17:25:22.110Z,"8km NNW of Delta, B.C., MX",earthquake,0.38,0.73,0.254,13,reviewed,ci,ci
2021-12-08T04:57:28.580Z,32.4145,-115.2285,17.46,2.3,ml,26.0,100,0.06489,0.31,ci,ci39882279,2021-12-08T16:24:07.688Z,"7km NNW of Delta, B.C., MX",earthquake,0.47,1.76,0.241,11,reviewed,ci,ci
2021-12-06T17:30:46.951Z,29.8139,-113.9108,10.0,4.7,mb,,134,0.919,1.13,us,us6000g9hs,2022-02-12T23:06:15.040Z,"118 km W of La Libertad, Mexico",earthquake,5.2,1.9,0.085,42,reviewed,us,us
2021-12-06T08:40:04.525Z,24.7897,-109.1176,10.0,4.0,mb,,162,0.809,0.64,us,us6000g9fh,2022-02-12T23:06:12.040Z,"86 km SSW of El Huitusi, Mexico",earthquake,5.6,1.8,0.065,64,reviewed,us,us
2021-12-05T17:37:22.043Z,30.0634,-113.7657,10.0,4.8,mb,,91,1.348,1.15,us,us6000g9b3,2022-02-12T23:06:05.040Z,"104 km W of La Libertad, Mexico",earthquake,5.5,1.6,0.053,111,reviewed,us,us
2021-12-05T06:55:20.897Z,30.1832,-113.2297,10.0,4.3,mb,,138,1.389,0.59,us,us6000g97p,2022-02-12T23:05:59.040Z,"59 km WNW of La Libertad, Mexico",earthquake,4.9,2.0,0.217,6,reviewed,us,us
2021-12-05T01:26:56.982Z,29.8083,-113.9073,10.0,4.7,mb,,193,1.471,0.94,us,us6000g967,2022-02-12T23:05:57.040Z,"118 km W of La Libertad, Mexico",earthquake,8.1,2.0,0.059,90,reviewed,us,us
2021-12-04T23:51:17.525Z,29.8072,-113.9213,10.0,4.0,mb,,166,1.465,0.74,us,us6000g945,2022-02-12T23:05:55.040Z,"119 km W of La Libertad, Mexico",earthquake,4.1,2.0,0.212,6,reviewed,us,us
2021-12-04T21:57:21.960Z,29.8324,-113.8088,10.0,4.4,mb,,127,0.911,1.03,us,us6000g935,2022-02-12T23:05:54.040Z,"108 km W of La Libertad, Mexico",earthquake,4.3,2.0,0.178,9,reviewed,us,us
2021-12-04T08:11:27.426Z,24.9689,-109.2818,10.0,5.1,mww,,158,3.543,0.57,us,us6000g8z7,2025-12-22T22:21:21.723Z,"73 km SSW of Topolobampo, Mexico",earthquake,6.7,1.9,0.045,47,reviewed,us,us
2021-12-04T07:58:32.808Z,29.8718,-113.8314,10.0,4.6,mb,,126,0.954,0.8,us,us6000g8yu,2022-02-12T23:05:48.040Z,"110 km W of La Libertad, Mexico",earthquake,4.0,2.0,0.136,16,reviewed,us,us
2021-12-03T09:35:59.410Z,32.0595,-116.2406667,11.18,2.06,ml,28.0,141,0.2545,0.21,ci,ci39877335,2021-12-03T18:32:10.230Z,"42km ENE of Ensenada, B.C., MX",earthquake,0.4,1.84,0.212,24,reviewed,ci,ci
2021-12-03T00:14:51.010Z,31.8691667,-116.1776667,14.78,2.83,ml,16.0,126,0.2375,0.25,ci,ci39877063,2022-02-12T23:05:40.040Z,"40km ENE of Maneadero, B.C., MX",earthquake,0.54,1.15,0.125,26,reviewed,ci,ci
2021-11-30T01:06:59.850Z,31.7331667,-116.2226667,5.02,2.43,ml,19.0,158,0.3577,0.23,ci,ci39874135,2021-11-30T22:08:37.873Z,"33km E of Maneadero, B.C., MX",earthquake,0.41,31.61,0.076,17,reviewed,ci,ci
2021-11-29T20:00:12.019Z,29.8352,-113.8222,10.0,4.6,mb,,127,0.916,0.99,us,us6000g7q0,2022-02-05T23:03:26.040Z,"109 km W of La Libertad, Mexico",earthquake,4.4,1.9,0.101,29,reviewed,us,us
2021-11-29T19:23:53.086Z,29.7902,-113.864,10.0,4.6,mb,,132,0.883,1.27,us,us6000g7pp,2022-02-05T23:03:26.040Z,"114 km W of La Libertad, Mexico",earthquake,4.5,1.9,0.075,53,reviewed,us,us
2021-11-29T15:19:28.713Z,31.4704,-115.6969,10.0,3.3,ml,,72,0.108,0.73,us,us7000fxzr,2022-06-19T01:18:29.946Z,"54 km ENE of San Vicente, Mexico",earthquake,1.5,2.0,0.051,50,reviewed,us,us
2021-11-29T14:02:51.490Z,32.2455,-116.683,18.27,2.08,ml,30.0,271,0.06938,0.15,ci,ci39873455,2021-11-29T19:44:13.332Z,"22km E of Primo Tapia, B.C., MX",earthquake,0.4,0.27,0.118,12,reviewed,ci,ci
2021-11-29T08:44:56.882Z,29.8855,-113.774,10.0,4.3,mb,,122,0.956,0.34,us,us7000fxxr,2022-02-05T23:04:32.040Z,"104 km W of La Libertad, Mexico",earthquake,4.0,1.9,0.085,40,reviewed,us,us
2021-11-29T06:36:56.254Z,29.6574,-113.6419,10.0,4.1,mb,,159,1.727,0.61,us,us7000fxwa,2022-02-05T23:04:31.040Z,"96 km WSW of La Libertad, Mexico",earthquake,4.1,2.0,0.124,18,reviewed,us,us
2021-11-29T06:24:26.502Z,30.0066,-113.6228,10.0,4.3,mb,,129,1.06,1.01,us,us7000fxvz,2022-02-05T23:04:31.040Z,"90 km W of La Libertad, Mexico",earthquake,5.5,2.0,0.114,22,reviewed,us,us
2021-11-29T03:01:33.420Z,31.6173333,-116.0176667,7.6,2.61,ml,14.0,184,0.3009,0.14,ci,ci39873175,2022-02-05T23:04:30.040Z,"53km ESE of Maneadero, B.C., MX",earthquake,0.39,0.88,0.2,12,reviewed,ci,ci
2021-11-28T05:44:21.475Z,31.4751,-115.6752,10.0,3.2,ml,,67,0.124,0.75,us,us7000fxmt,2022-08-06T18:34:55.165Z,"56 km ENE of San Vicente, Mexico",earthquake,0.8,2.0,0.056,42,reviewed,us,us
2021-11-26T00:27:35.528Z,29.848,-113.8015,10.0,4.3,mb,,126,0.925,0.87,us,us7000fx4i,2022-02-05T23:04:10.040Z,"107 km W of La Libertad, Mexico",earthquake,1.8,1.9,0.161,11,reviewed,us,us
2021-11-25T22:50:05.487Z,29.8928,-113.8858,10.0,4.6,mb,,129,0.987,0.85,us,us7000fx3w,2022-01-29T22:56:01.040Z,"115 km W of La Libertad, Mexico",earthquake,2.6,2.0,0.048,129,reviewed,us,us
2021-11-25T20:42:15.249Z,29.8581,-113.826,10.0,4.4,mb,,196,1.471,0.7,us,us7000fx39,2022-01-29T22:56:00.040Z,"109 km W of La Libertad, Mexico",earthquake,7.2,1.9,0.089,39,reviewed,us,us
2021-11-24T09:47:58.042Z,29.7906,-113.8533,10.0,4.6,mwr,,175,1.512,0.79,us,us7000fwny,2022-01-29T22:55:40.040Z,"113 km W of La Libertad, Mexico",earthquake,6.1,2.0,0.042,55,reviewed,us,us
2021-11-24T04:37:20.911Z,29.8294,-113.8625,10.0,4.7,mwr,,130,0.92,0.75,us,us7000fwmd,2022-01-29T22:55:37.040Z,"113 km W of La Libertad, Mexico",earthquake,4.1,1.9,0.04,60,reviewed,us,us
2021-11-23T11:30:19.837Z,30.071,-113.7217,10.0,4.3,mb,,152,1.37,0.59,us,us7000fwf0,2022-01-29T22:55:30.040Z,"100 km W of La Libertad, Mexico",earthquake,5.7,1.8,0.161,11,reviewed,us,us
2021-11-23T02:08:16.090Z,31.6526667,-116.0996667,12.05,2.6,ml,11.0,197,0.3741,0.13,ci,ci39867815,2022-01-29T22:55:27.040Z,"45km E of Maneadero, B.C., MX",earthquake,0.93,1.31,0.114,45,reviewed,ci,ci
2021-11-22T02:32:50.489Z,31.271,-115.6706,22.46,2.7,ml,,197,0.154,0.97,us,us7000fw31,2022-08-06T18:43:36.966Z,"55 km E of San Vicente, Mexico",earthquake,3.9,10.3,0.055,44,reviewed,us,us
2021-11-21T03:47:02.947Z,29.8557,-113.8277,10.0,4.2,mb,,127,0.937,0.91,us,us7000fvvi,2022-01-29T22:55:12.040Z,"109 km W of La Libertad, Mexico",earthquake,4.9,2.0,0.2,9,reviewed,us,us
2021-11-20T07:29:08.911Z,29.8835,-113.8066,10.0,4.3,mb,,125,0.96,0.57,us,us7000fvpc,2022-01-29T22:55:06.040Z,"107 km W of La Libertad, Mexico",earthquake,4.5,1.9,0.117,23,reviewed,us,us
2021-11-20T03:03:44.900Z,31.5711667,-114.403,5.97,3.39,ml,8.0,126,0.4846,0.35,ci,ci39864815,2022-01-29T22:55:05.040Z,"89km SE of Estacion Coahuila, B.C., MX",earthquake,0.86,31.61,0.219,9,reviewed,ci,ci
2021-11-20T02:39:07.540Z,31.5421667,-114.3851667,3.91,3.75,ml,10.0,131,0.5169,0.23,ci,ci39864791,2022-01-29T22:55:05.040Z,"93km SE of Estacion Coahuila, B.C., MX",earthquake,0.43,1.34,0.127,4,reviewed,ci,ci
2021-11-19T04:26:28.440Z,30.0063,-113.8168,10.0,4.5,mb,,196,1.361,1.08,us,us7000fvcw,2022-01-29T22:54:57.040Z,"109 km W of La Libertad, Mexico",earthquake,5.2,2.0,0.097,34,reviewed,us,us
2021-11-18T04:33:34.792Z,30.7529,-113.1498,10.0,4.4,mb,,165,0.85,0.91,us,us7000fv07,2022-01-22T20:52:01.040Z,"41 km W of Plutarco Elías Calles (La Y Griega), Mexico",earthquake,8.2,2.0,0.11,24,reviewed,us,us
2021-11-18T04:32:46.558Z,29.8811,-113.7822,10.0,4.0,mb,,141,0.953,0.74,us,us7000fuzx,2022-01-22T20:52:01.040Z,"105 km W of La Libertad, Mexico",earthquake,2.8,1.9,0.3,3,reviewed,us,us
2021-11-18T01:51:15.940Z,31.8815,-116.9846667,13.5,3.21,ml,22.0,234,0.2728,0.19,ci,ci40100448,2022-01-22T20:52:00.040Z,"28km W of El Sauzal, B.C., MX",earthquake,0.6,0.85,0.147,99,reviewed,ci,ci
2021-11-15T14:46:44.980Z,29.9084,-113.7589,10.0,4.2,mb,,138,0.976,0.73,us,us7000fubc,2022-01-22T20:51:53.040Z,"103 km W of La Libertad, Mexico",earthquake,2.6,2.0,0.372,4,reviewed,us,us
2021-11-14T16:07:10.040Z,31.921,-117.2363333,21.21,3.03,ml,24.0,264,0.4893,0.2,ci,ci40096736,2022-01-22T20:51:51.040Z,"45km SW of Primo Tapia, B.C., MX",earthquake,0.69,1.53,0.167,74,reviewed,ci,ci
2021-11-12T05:09:16.450Z,29.8343,-113.8679,10.0,4.3,mb,,148,0.926,0.72,us,us7000ftgr,2022-01-22T20:51:46.040Z,"113 km W of La Libertad, Mexico",earthquake,4.9,2.0,0.147,13,reviewed,us,us
2021-11-11T05:26:10.600Z,31.2338333,-115.912,11.12,3.27,ml,8.0,214,0.1915,0.13,ci,ci39854223,2021-11-11T14:25:53.638Z,"82km SE of Maneadero, B.C., MX",earthquake,0.59,0.87,0.116,41,reviewed,ci,ci
2021-11-11T03:14:55.630Z,29.2308,-114.0112,10.0,4.1,mb,,184,1.942,0.82,us,us7000ft4g,2022-01-15T20:51:47.040Z,"91 km NNW of San Luis, Mexico",earthquake,8.0,2.0,0.166,10,reviewed,us,us
2021-11-10T13:53:03.140Z,31.765,-116.1836667,4.68,2.36,ml,13.0,187,0.312,0.16,ci,ci39853711,2021-11-10T15:56:37.942Z,"37km E of Maneadero, B.C., MX",earthquake,0.56,1.96,0.066,35,reviewed,ci,ci
2021-11-09T13:16:27.394Z,31.4543,-115.7132,10.0,2.3,ml,,105,0.087,0.57,us,us7000fspp,2022-01-15T20:51:43.040Z,"52 km ENE of San Vicente, Mexico",earthquake,2.6,2.0,0.064,32,reviewed,us,us
2021-11-09T09:43:55.729Z,29.4809,-113.5658,10.0,4.4,mb,,161,1.908,0.68,us,us7000fsnf,2022-01-15T20:51:42.040Z,"97 km WSW of La Libertad, Mexico",earthquake,4.8,1.7,0.096,31,reviewed,us,us
2021-11-06T06:19:36.185Z,29.8431,-113.9088,10.0,4.3,mb,,162,1.442,0.69,us,us7000fry2,2022-01-15T20:51:36.040Z,"117 km W of La Libertad, Mexico",earthquake,2.2,2.0,0.217,6,reviewed,us,us
2021-11-05T20:18:11.908Z,29.7569,-113.6786,10.0,4.5,mb,,121,0.816,1.25,us,us7000fru2,2022-01-15T20:51:35.040Z,"96 km W of La Libertad, Mexico",earthquake,3.7,1.8,0.128,22,reviewed,us,us
2021-11-05T16:10:01.880Z,31.9671667,-116.2486667,18.47,2.42,ml,24.0,110,0.2582,0.18,ci,ci39849871,2021-11-05T20:55:20.833Z,"37km ENE of Ensenada, B.C., MX",earthquake,0.28,0.58,0.166,15,reviewed,ci,ci
2021-11-05T14:08:04.926Z,29.9123,-113.9374,10.0,4.4,mb,,164,1.371,0.6,us,us7000frq1,2022-01-15T20:51:34.040Z,"120 km W of La Libertad, Mexico",earthquake,6.6,2.0,0.067,65,reviewed,us,us
2021-11-05T11:18:42.108Z,29.7119,-113.9007,10.0,4.3,mb,,170,1.555,0.86,us,us7000frp3,2022-01-15T20:51:34.040Z,"118 km W of La Libertad, Mexico",earthquake,5.6,2.0,0.142,14,reviewed,us,us
2021-11-05T11:13:57.340Z,31.9646667,-116.2463333,19.88,2.42,ml,32.0,110,0.2567,0.25,ci,ci39849647,2021-11-05T18:34:45.810Z,"37km ENE of Ensenada, B.C., MX",earthquake,0.31,1.25,0.127,19,reviewed,ci,ci
2021-11-04T21:17:21.247Z,31.5086,-115.6284,5.0,2.2,ml,,104,0.177,0.77,us,us7000frqc,2022-01-14T17:59:02.040Z,"62 km ENE of San Vicente, Mexico",earthquake,1.6,1.9,0.077,22,reviewed,us,us
2021-11-04T01:52:51.420Z,31.5348333,-115.6135,2.81,2.04,ml,9.0,131,0.2041,0.04,ci,ci39848415,2021-11-04T16:12:17.866Z,"88km SSW of Alberto Oviedo Mota, B.C., MX",earthquake,0.11,0.43,0.082,8,reviewed,ci,ci
2021-11-03T22:49:40.993Z,29.776,-113.8305,10.0,4.2,mb,,202,1.535,1.01,us,us7000fr9f,2022-01-14T17:58:58.040Z,"111 km W of La Libertad, Mexico",earthquake,7.2,2.0,0.131,16,reviewed,us,us
2021-11-03T16:47:08.740Z,31.721,-116.2486667,7.6,2.2,ml,15.0,201,0.3815,0.21,ci,ci39847951,2021-11-03T17:19:05.986Z,"30km E of Maneadero, B.C., MX",earthquake,0.51,1.34,0.021,1,reviewed,ci,ci
2021-11-03T16:10:38.019Z,29.9133,-113.6708,10.0,4.5,mb,,110,1.514,1.13,us,us7000fr5l,2022-01-14T17:58:57.040Z,"94 km W of La Libertad, Mexico",earthquake,7.1,1.4,0.113,23,reviewed,us,us
2021-11-03T02:11:12.210Z,32.2621667,-115.2611667,22.15,2.84,ml,28.0,123,0.1612,0.28,ci,ci39847447,2022-01-14T17:58:56.040Z,"9km WNW of Alberto Oviedo Mota, B.C., MX",earthquake,0.51,1.13,0.193,45,reviewed,ci,ci
2021-11-03T02:07:37.569Z,30.4187,-113.9149,10.0,4.4,mb,,147,1.015,1.1,us,us7000fr0f,2022-01-14T17:58:56.040Z,"105 km SSW of Puerto Peñasco, Mexico",earthquake,4.9,2.0,0.161,11,reviewed,us,us
2021-11-02T19:29:45.690Z,32.4093333,-117.134,-0.43,2.04,ml,28.0,215,0.2623,0.27,ci,ci39847239,2021-11-02T20:48:59.293Z,"13km NW of Rosarito, B.C., MX",quarry blast,1.08,31.61,0.159,22,reviewed,ci,ci
2021-10-29T12:24:15.880Z,31.983,-116.3135,16.5,2.35,ml,19.0,108,0.3113,0.22,ci,ci39843823,2021-10-29T17:23:32.433Z,"32km ENE of Ensenada, B.C., MX",earthquake,0.46,1.6,0.155,20,reviewed,ci,ci
2021-10-23T11:27:17.810Z,32.0555,-117.4541667,5.91,2.85,ml,18.0,268,0.5659,0.26,ci,ci39840663,2022-01-08T17:42:06.040Z,"50km SW of Rosarito, B.C., MX",earthquake,1.01,31.61,0.14,81,reviewed,ci,ci
2021-10-23T02:56:39.830Z,32.0458333,-117.4516667,5.95,3.6,ml,30.0,265,0.5724,0.31,ci,ci39840559,2022-01-08T17:42:02.040Z,"51km SW of Rosarito, B.C., MX",earthquake,0.9,31.61,0.233,181,reviewed,ci,ci
2021-10-21T15:41:36.780Z,32.4141667,-115.3895,11.56,2.32,ml,23.0,118,0.07167,0.28,ci,ci39839439,2021-10-21T18:34:42.193Z,"17km SSW of Puebla, B.C., MX",earthquake,0.54,1.11,0.146,51,reviewed,ci,ci
2021-10-21T05:49:40.460Z,31.3518333,-114.3585,13.69,4.0,ml,4.0,160,0.5256,0.03,ci,ci39839175,2021-10-21T15:14:20.788Z,"112km SSE of Estacion Coahuila, B.C., MX",earthquake,0.59,1.19,0.139,4,reviewed,ci,ci
2021-10-10T01:18:10.380Z,31.7978333,-116.0445,5.75,2.54,ml,18.0,164,0.2221,0.17,ci,ci40066728,2021-10-11T15:53:12.875Z,"50km E of Maneadero, B.C., MX",earthquake,0.32,1.07,0.056,5,reviewed,ci,ci
2021-10-10T01:18:09.805Z,31.8036,-116.0321,5.0,2.2,ml,,124,0.213,0.67,us,us6000ftj7,2021-12-18T19:58:45.040Z,"24 km ESE of Fraccionamiento del Valle, Mexico",earthquake,1.3,1.2,0.069,28,reviewed,us,us
2021-10-05T00:22:54.630Z,32.3003333,-115.3203333,14.25,2.11,ml,20.0,129,0.1195,0.22,ci,ci40062984,2021-10-05T14:10:21.299Z,"13km WSW of Delta, B.C., MX",earthquake,0.52,0.89,0.254,19,reviewed,ci,ci
2021-10-03T16:37:23.840Z,31.925,-116.2903333,16.73,2.7,ml,16.0,120,0.3017,0.21,ci,ci40062016,2021-12-10T21:14:05.040Z,"32km E of Ensenada, B.C., MX",earthquake,0.5,1.27,0.101,64,reviewed,ci,ci
2021-09-30T21:27:45.271Z,25.4511,-109.4361,10.0,4.4,mb,,192,1.674,0.98,us,us6000fql6,2025-12-22T22:17:17.129Z,"36 km SSW of Campo Pesquero el Colorado, Mexico",earthquake,7.7,1.9,0.048,125,reviewed,us,us
2021-09-30T20:33:01.221Z,25.5571,-109.6688,10.0,4.3,mb,,180,2.898,1.23,us,us6000fqkg,2021-12-04T14:28:39.040Z,"41 km WSW of Campo Pesquero el Colorado, Mexico",earthquake,5.3,1.8,0.049,120,reviewed,us,us
2021-09-27T17:20:40.096Z,30.8654,-114.1506,10.0,4.4,mb,,129,0.625,1.31,us,us7000fex1,2021-12-04T14:29:58.040Z,"68 km ESE of San Felipe, Mexico",earthquake,6.2,1.9,0.059,82,reviewed,us,us
2021-09-26T00:17:45.299Z,30.2697,-109.2393,10.0,4.1,mb,,53,1.095,0.66,us,us7000fegy,2026-02-22T16:32:20.662Z,"14 km NNE of Villa Hidalgo, Mexico",earthquake,1.7,2.0,0.302,3,reviewed,us,us
2021-09-24T19:18:57.712Z,31.4467,-115.6297,24.44,3.0,ml,,87,0.143,0.78,us,us7000fe7i,2021-12-04T14:29:23.040Z,"60 km ENE of San Vicente, Mexico",earthquake,2.1,10.5,0.06,37,reviewed,us,us
2021-09-22T17:59:31.130Z,31.6603333,-116.0351667,7.46,3.41,ml,21.0,151,0.3433,0.19,ci,ci39816575,2021-12-03T15:01:50.040Z,"51km E of Maneadero, B.C., MX",earthquake,0.24,1.0,0.105,82,reviewed,ci,ci
2021-09-18T05:19:31.980Z,32.358,-115.2135,16.99,2.23,ml,16.0,220,0.09876,0.3,ci,ci39812455,2021-09-19T18:13:41.276Z,"2km W of Delta, B.C., MX",earthquake,0.95,1.77,0.144,16,reviewed,ci,ci
2021-09-17T12:51:58.300Z,32.4136667,-115.2061667,10.89,3.72,mw,36.0,67,0.08379,0.35,ci,ci39811695,2021-12-03T15:01:25.040Z,"7km N of Delta, B.C., MX",earthquake,0.37,0.76,,4,reviewed,ci,ci
2021-09-17T06:41:10.949Z,31.4637,-115.6937,24.62,2.6,ml,,107,0.105,0.92,us,us7000fc0w,2021-12-03T15:01:24.040Z,"54 km ENE of San Vicente, Mexico",earthquake,1.9,10.8,0.053,46,reviewed,us,us
2021-09-14T17:46:23.700Z,31.5215,-115.6326667,3.29,2.64,ml,10.0,129,0.1832,0.05,ci,ci39808455,2021-11-23T15:11:59.040Z,"90km SSW of Alberto Oviedo Mota, B.C., MX",earthquake,0.16,0.62,0.138,7,reviewed,ci,ci
2021-09-13T21:07:04.130Z,31.5103333,-115.6593333,9.69,2.95,ml,14.0,98,0.1594,0.16,ci,ci39807503,2021-11-23T15:11:38.040Z,"89km ESE of Maneadero, B.C., MX",earthquake,0.32,0.86,0.185,55,reviewed,ci,ci
2021-09-08T21:17:52.360Z,32.4086667,-115.2058333,16.62,3.01,ml,37.0,99,0.08457,0.35,ci,ci40037288,2021-11-17T17:29:17.040Z,"6km NNW of Delta, B.C., MX",earthquake,0.5,1.22,0.145,108,reviewed,ci,ci
2021-09-08T18:19:20.040Z,32.4163333,-115.2135,15.45,2.35,ml,24.0,98,0.07745,0.3,ci,ci40037024,2021-09-09T22:47:26.330Z,"7km NNW of Delta, B.C., MX",earthquake,0.56,0.85,0.24,23,reviewed,ci,ci
2021-09-01T02:15:10.210Z,32.089,-117.0483333,20.21,2.25,ml,18.0,231,0.3937,0.15,ci,ci40028800,2021-09-01T15:05:58.242Z,"19km SW of Primo Tapia, B.C., MX",earthquake,0.66,2.15,0.135,44,reviewed,ci,ci
2021-08-31T15:20:55.100Z,32.4093333,-115.2231667,11.52,2.33,ml,18.0,107,0.06995,0.32,ci,ci40028168,2021-08-31T17:58:02.845Z,"7km NNW of Delta, B.C., MX",earthquake,0.73,1.26,0.153,13,reviewed,ci,ci
2021-08-28T00:56:22.000Z,32.4223333,-115.2283333,4.96,3.1,ml,35.0,98,0.0649,0.38,ci,ci40024976,2021-11-06T20:28:57.040Z,"8km NNW of Delta, B.C., MX",earthquake,0.46,1.36,0.16,36,reviewed,ci,ci
2021-08-26T03:03:05.390Z,32.3376667,-115.2981667,15.36,2.72,ml,24.0,140,0.0818,0.27,ci,ci40022328,2021-11-02T14:55:22.040Z,"10km W of Delta, B.C., MX",earthquake,0.54,0.88,0.157,48,reviewed,ci,ci
2021-08-24T05:48:29.420Z,32.3518333,-115.325,5.62,2.45,ml,27.0,109,0.06956,0.23,ci,ci40019880,2021-11-02T14:54:51.040Z,"12km W of Delta, B.C., MX",earthquake,0.39,0.68,0.145,36,reviewed,ci,ci
2021-08-23T02:58:44.875Z,25.1223,-109.3145,10.0,4.4,mb,,129,1.996,0.96,us,us6000f9x1,2021-11-02T14:54:33.040Z,"59 km SSW of Topolobampo, Mexico",earthquake,8.0,1.9,0.043,156,reviewed,us,us
2021-08-21T21:33:10.940Z,32.416,-115.2038333,13.95,2.23,ml,22.0,102,0.08564,0.28,ci,ci40017456,2021-08-23T17:12:36.019Z,"7km N of Delta, B.C., MX",earthquake,0.51,0.9,0.151,11,reviewed,ci,ci
2021-08-21T16:32:51.980Z,32.4293333,-115.203,10.94,2.44,ml,20.0,95,0.08682,0.3,ci,ci40017264,2021-08-23T16:59:57.667Z,"8km N of Delta, B.C., MX",earthquake,0.55,1.01,0.228,11,reviewed,ci,ci
2021-08-21T11:14:17.280Z,31.177,-116.4275,5.67,2.77,ml,4.0,276,0.5909,0.16,ci,ci40017096,2021-08-22T16:37:08.983Z,"61km SSE of Maneadero, B.C., MX",earthquake,2.91,9.55,0.131,48,reviewed,ci,ci
2021-08-20T22:20:30.400Z,32.3453333,-115.3183333,3.28,2.48,ml,25.0,118,0.07481,0.24,ci,ci40016880,2021-11-02T14:53:48.040Z,"12km W of Delta, B.C., MX",earthquake,0.4,0.61,0.236,23,reviewed,ci,ci
2021-08-18T12:33:54.193Z,30.3454,-109.1897,10.1,4.1,mb,,61,0.316,0.62,us,us6000f7xd,2021-10-29T14:46:27.040Z,"23 km NNE of Villa Hidalgo, Mexico",earthquake,5.7,7.7,0.234,5,reviewed,us,us
2021-08-14T07:45:27.140Z,32.0371667,-116.1971667,10.71,2.24,ml,21.0,97,0.2141,0.21,ci,ci39773479,2021-08-15T17:19:53.023Z,"44km ENE of Ensenada, B.C., MX",earthquake,0.4,1.51,0.123,39,reviewed,ci,ci
2021-08-13T19:39:53.140Z,32.306,-115.378,16.13,2.31,ml,24.0,149,0.1289,0.34,ci,ci39772967,2021-08-13T20:25:54.200Z,"18km WSW of Delta, B.C., MX",earthquake,0.77,2.09,0.295,15,reviewed,ci,ci
2021-08-13T12:00:36.960Z,32.3556667,-115.315,15.73,2.2,ml,28.0,74,0.06421,0.31,ci,ci39772551,2021-08-13T17:12:24.362Z,"12km W of Delta, B.C., MX",earthquake,0.53,0.88,0.207,24,reviewed,ci,ci
2021-08-10T18:34:21.394Z,30.2812,-109.1454,15.73,3.1,ml,,95,0.365,0.89,us,us6000f3xn,2021-10-23T15:46:02.040Z,"19 km WNW of Huachinera, Mexico",earthquake,3.8,3.3,0.053,46,reviewed,us,us
2021-08-07T01:17:16.520Z,32.3533333,-115.3018333,19.88,3.45,mlr,42.0,75,0.06603,0.29,ci,ci39766271,2021-10-23T15:45:46.040Z,"10km W of Delta, B.C., MX",earthquake,0.38,0.7,0.205,226,reviewed,ci,ci
2021-08-06T10:09:29.110Z,32.2106667,-116.9678333,14.79,2.52,ml,41.0,240,0.2773,0.18,ci,ci39765519,2021-10-23T15:45:44.040Z,"5km WSW of Primo Tapia, B.C., MX",earthquake,0.43,0.49,0.132,10,reviewed,ci,ci
2021-08-02T08:50:25.400Z,32.2345,-115.0723333,16.31,3.13,ml,21.0,128,0.06827,0.32,ci,ci39761199,2021-10-14T01:05:29.040Z,"7km SSE of Guadalupe Victoria, B.C., MX",earthquake,0.65,1.02,0.187,29,reviewed,ci,ci
2021-08-01T22:40:09.544Z,30.5761,-109.2392,14.01,2.5,ml,,192,0.797,0.54,us,us6000f1bu,2021-10-14T01:05:16.040Z,"30 km WNW of Bavispe, Mexico",earthquake,2.8,7.0,0.077,22,reviewed,us,us
2021-07-31T21:19:12.817Z,30.4525,-109.12,10.0,5.2,mww,,39,0.93,0.66,us,us6000f128,2026-02-22T16:07:11.410Z,"17 km W of Bavispe, Mexico",earthquake,4.1,1.7,0.037,70,reviewed,us,us
2021-07-31T15:39:20.854Z,27.5909,-111.497,10.0,5.5,mww,,113,0.714,1.26,us,us6000f109,2025-12-22T22:12:52.395Z,"60 km SW of San Carlos, Mexico",earthquake,5.1,1.1,0.03,106,reviewed,us,us
2021-07-28T00:24:02.582Z,25.9291,-109.8103,10.0,4.2,mb,,187,0.768,1.18,us,us6000eznp,2021-10-03T05:22:36.040Z,"47 km W of Las Grullas Margen Derecha, Mexico",earthquake,5.6,1.9,0.056,89,reviewed,us,us
2021-07-23T14:31:03.930Z,31.6203333,-117.0368333,9.1,2.46,ml,12.0,293,0.402,0.17,ci,ci39750823,2021-10-03T05:21:24.040Z,"46km SW of El Sauzal, B.C., MX",earthquake,0.64,1.88,0.207,3,reviewed,ci,ci
2021-07-17T20:07:58.220Z,32.3883333,-115.1968333,15.72,2.25,ml,14.0,160,0.09663,0.16,ci,ci39744375,2021-07-20T16:52:19.314Z,"4km N of Delta, B.C., MX",earthquake,0.32,0.56,0.259,9,reviewed,ci,ci
2021-07-17T10:01:55.100Z,31.6738333,-115.9336667,9.97,2.0,ml,13.0,145,0.3092,0.19,ci,ci39744007,2021-07-19T16:32:00.991Z,"60km E of Maneadero, B.C., MX",earthquake,0.52,1.05,0.094,13,reviewed,ci,ci
2021-07-13T16:45:40.330Z,32.4006667,-115.2195,11.46,2.93,ml,36.0,70,0.07472,0.39,ci,ci39738511,2021-09-17T22:50:11.040Z,"6km NNW of Delta, B.C., MX",earthquake,0.49,0.93,0.145,93,reviewed,ci,ci
2021-07-09T22:54:12.630Z,31.4135,-115.731,5.2,2.26,ml,5.0,128,0.05039,0.2,ci,ci39734959,2021-07-10T00:13:30.847Z,"86km ESE of Maneadero, B.C., MX",earthquake,0.71,31.61,0.052,1,reviewed,ci,ci
2021-07-09T22:32:11.080Z,31.1375,-115.3761667,5.6,2.01,ml,3.0,205,0.4313,0.25,ci,ci39734943,2021-07-10T00:11:25.838Z,"123km SSW of Estacion Coahuila, B.C., MX",earthquake,4.51,6.83,0.034,2,reviewed,ci,ci
2021-07-09T01:17:32.300Z,31.6928333,-115.7955,10.77,2.68,ml,16.0,133,0.3007,0.19,ci,ci39733631,2021-09-17T22:48:27.040Z,"73km E of Maneadero, B.C., MX",earthquake,0.38,0.82,0.149,46,reviewed,ci,ci
2021-06-23T11:42:14.090Z,32.048,-116.33,24.08,2.25,ml,21.0,94,0.3273,0.16,ci,ci39716007,2021-06-23T17:18:44.503Z,"34km NE of Ensenada, B.C., MX",earthquake,0.33,1.31,0.141,39,reviewed,ci,ci
2021-06-23T03:30:58.080Z,32.2793333,-115.3126667,14.75,3.14,ml,34.0,121,0.1399,0.32,ci,ci39715855,2021-08-27T18:58:31.040Z,"14km SW of Delta, B.C., MX",earthquake,0.55,1.1,0.178,70,reviewed,ci,ci
2021-06-23T01:47:38.170Z,32.1625,-115.1568333,25.49,2.7,ml,20.0,78,0.1559,0.25,ci,ci39715799,2021-08-27T18:58:30.040Z,"7km S of Alberto Oviedo Mota, B.C., MX",earthquake,0.49,0.39,0.034,5,reviewed,ci,ci
2021-06-20T22:11:49.613Z,25.7034,-110.1025,10.0,4.1,mb,,185,2.502,0.81,us,us7000eet2,2021-08-27T18:57:56.040Z,"79 km WSW of Las Grullas Margen Derecha, Mexico",earthquake,8.4,2.0,0.065,65,reviewed,us,us
2021-06-20T10:42:01.885Z,25.7279,-109.9859,10.0,4.6,mb,,184,2.568,1.03,us,us7000een4,2025-12-22T19:02:48.628Z,"67 km WSW of Las Grullas Margen Derecha, Mexico",earthquake,7.2,1.7,0.141,15,reviewed,us,us
2021-06-20T06:29:14.165Z,31.4964,-115.6539,5.0,2.6,ml,,103,0.152,0.57,us,us7000eeks,2021-08-27T18:57:45.040Z,"59 km ENE of San Vicente, Mexico",earthquake,1.3,1.9,0.066,30,reviewed,us,us
2021-06-18T16:19:52.760Z,32.1816667,-115.1641667,22.24,2.88,ml,18.0,135,0.1421,0.21,ci,ci39711559,2021-08-27T18:57:20.040Z,"5km S of Alberto Oviedo Mota, B.C., MX",earthquake,0.58,0.81,0.179,57,reviewed,ci,ci
2021-06-17T11:42:55.411Z,31.4544,-115.5877,4.64,2.3,ml,,126,0.179,0.44,us,us7000edv7,2021-08-26T21:59:29.040Z,"64 km ENE of San Vicente, Mexico",earthquake,1.9,6.5,0.081,20,reviewed,us,us
2021-06-17T05:41:31.950Z,31.1123333,-115.2761667,4.61,3.26,ml,3.0,202,0.3723,0.1,ci,ci39709687,2021-11-04T23:09:30.408Z,"123km SSW of Estacion Coahuila, B.C., MX",earthquake,2.79,31.61,0.181,102,reviewed,ci,ci
2021-06-17T02:50:37.600Z,32.0303333,-116.1986667,13.77,2.09,ml,20.0,156,0.2145,0.19,ci,ci39709535,2022-02-03T00:10:01.499Z,"44km ENE of Ensenada, B.C., MX",earthquake,0.52,1.07,0.199,16,reviewed,ci,ci
2021-06-17T02:42:02.030Z,32.0316667,-116.1945,13.59,2.08,ml,19.0,155,0.2111,0.2,ci,ci39709519,2022-02-03T00:03:51.556Z,"44km ENE of Ensenada, B.C., MX",earthquake,0.48,0.96,0.221,15,reviewed,ci,ci
2021-06-17T02:40:16.690Z,32.0358333,-116.193,13.79,3.0,ml,33.0,97,0.2104,0.25,ci,ci39709511,2021-08-26T21:59:28.040Z,"44km ENE of Ensenada, B.C., MX",earthquake,0.34,0.91,0.154,96,reviewed,ci,ci
2021-06-14T20:18:12.060Z,31.4851,-115.6417,5.0,2.5,ml,,109,0.153,0.94,us,us7000ed24,2021-08-26T21:59:20.040Z,"60 km ENE of San Vicente, Mexico",earthquake,2.2,2.0,0.06,36,reviewed,us,us
2021-06-14T08:51:26.070Z,31.8585,-115.7621667,13.96,3.01,ml,27.0,88,0.215,0.23,ci,ci39705135,2021-08-26T21:59:17.040Z,"69km SW of Alberto Oviedo Mota, B.C., MX",earthquake,0.31,0.71,0.18,80,reviewed,ci,ci
2021-06-13T14:35:06.730Z,32.0391667,-116.1906667,13.11,3.36,ml,50.0,97,0.209,0.25,ci,ci39703959,2021-08-26T21:59:15.040Z,"45km ENE of Ensenada, B.C., MX",earthquake,0.25,0.69,0.134,192,reviewed,ci,ci
2021-06-13T14:21:59.420Z,32.0323333,-116.189,14.45,2.3,ml,24.0,98,0.2066,0.21,ci,ci39703911,2021-06-16T21:22:09.263Z,"44km ENE of Ensenada, B.C., MX",earthquake,0.41,0.93,0.138,50,reviewed,ci,ci
2021-06-10T02:56:57.830Z,31.6231667,-116.0126667,13.42,2.42,ml,9.0,183,0.3025,0.11,ci,ci39932320,2021-06-16T18:29:36.897Z,"54km E of Maneadero, B.C., MX",earthquake,0.61,0.97,0.199,3,reviewed,ci,ci
2021-06-07T18:05:02.930Z,31.1753333,-116.42,6.27,3.31,ml,4.0,276,0.5856,0.11,ci,ci39928368,2021-06-08T04:29:44.242Z,"62km SSE of Maneadero, B.C., MX",earthquake,1.64,5.5,0.117,35,reviewed,ci,ci
2021-06-05T04:14:49.570Z,31.9095,-116.3523333,20.44,2.0,ml,22.0,126,0.2687,0.22,ci,ci39917784,2021-06-10T19:33:59.518Z,"26km E of Ensenada, B.C., MX",earthquake,0.36,1.16,0.169,19,reviewed,ci,ci
2021-06-05T03:45:49.570Z,31.9305,-116.3693333,21.42,2.19,ml,22.0,121,0.2587,0.13,ci,ci39917768,2022-01-27T15:41:06.501Z,"25km ENE of Ensenada, B.C., MX",earthquake,0.2,0.55,0.196,13,reviewed,ci,ci
2021-06-05T03:30:23.580Z,31.9565,-116.3768333,15.57,2.52,ml,29.0,114,0.2601,0.15,ci,ci39917752,2022-01-27T00:26:16.109Z,"25km ENE of Ensenada, B.C., MX",earthquake,0.31,1.34,0.188,14,reviewed,ci,ci
2021-05-30T16:05:57.890Z,31.0618333,-116.6553333,5.61,2.87,ml,4.0,294,0.8036,0.09,ci,ci39910320,2021-06-01T17:32:10.033Z,"73km S of Maneadero, B.C., MX",earthquake,0.88,31.61,0.205,60,reviewed,ci,ci
2021-05-29T18:26:40.720Z,32.1371667,-114.9808333,15.73,3.47,ml,17.0,131,0.03306,0.34,ci,ci39909592,2021-08-07T22:06:04.040Z,"7km SSE of Estacion Coahuila, B.C., MX",earthquake,0.82,0.9,0.203,28,reviewed,ci,ci
2021-05-28T05:58:28.839Z,31.4766,-114.3333,17.4,2.9,ml,,142,0.595,1.04,us,us6000efcu,2021-08-07T22:05:37.040Z,"28 km SE of Golfo de Santa Clara, Mexico",earthquake,2.6,6.6,0.055,44,reviewed,us,us
2021-05-25T03:05:00.619Z,31.462,-115.6919,6.7,2.7,ml,,108,0.105,1.19,us,us7000e5zn,2021-07-31T22:09:30.040Z,"54 km ENE of San Vicente, Mexico",earthquake,1.2,4.7,0.057,40,reviewed,us,us
2021-05-25T02:54:44.750Z,31.5033333,-115.638,5.58,2.47,ml,10.0,127,0.1674,0.07,ci,ci39903152,2021-07-31T22:09:29.040Z,"91km ESE of Maneadero, B.C., MX",earthquake,0.22,1.13,0.143,2,reviewed,ci,ci
2021-05-23T21:11:10.834Z,25.6855,-110.1543,10.0,4.6,mb,,126,1.009,0.72,us,us7000e5la,2021-07-31T22:09:02.040Z,"84 km W of Campo Pesquero el Colorado, Mexico",earthquake,5.5,1.9,0.039,195,reviewed,us,us
2021-05-20T08:54:07.656Z,31.5186,-115.6416,10.0,2.5,ml,,99,0.175,1.24,us,us7000e4p3,2021-07-24T21:08:32.040Z,"61 km ENE of San Vicente, Mexico",earthquake,1.9,2.0,0.064,32,reviewed,us,us
2021-05-19T13:39:39.890Z,32.3236667,-115.3355,10.57,3.35,ml,35.0,78,0.09898,0.35,ci,ci39658359,2021-07-24T21:08:16.040Z,"14km WSW of Delta, B.C., MX",earthquake,0.59,1.19,0.165,93,reviewed,ci,ci
2021-05-19T07:48:03.716Z,23.4647,-109.6103,10.0,3.9,mb,,248,0.9,1.42,us,us7000e4cp,2022-01-18T16:23:23.933Z,"14 km S of La Rivera, Mexico",earthquake,6.1,2.0,0.097,28,reviewed,us,us
2021-05-18T14:14:53.870Z,31.903,-116.1491667,19.47,2.05,ml,14.0,118,0.1989,0.16,ci,ci39657007,2021-05-19T16:30:32.773Z,"45km ENE of Maneadero, B.C., MX",earthquake,0.39,1.01,0.111,17,reviewed,ci,ci
2021-05-17T05:16:25.690Z,31.7218333,-116.2401667,15.75,3.16,ml,13.0,163,0.376,0.24,ci,ci39655543,2021-07-24T21:07:33.040Z,"31km E of Maneadero, B.C., MX",earthquake,0.59,1.86,0.115,80,reviewed,ci,ci
2021-05-15T02:35:23.161Z,30.8978,-110.3814,0.0,2.5,ml,,92,1.057,0.72,us,us7000e3ak,2021-07-24T21:07:03.040Z,"13 km SW of Cananea, Mexico",mining explosion,4.7,1.8,0.074,24,reviewed,us,us
2021-05-11T05:17:21.120Z,32.2155,-115.275,15.44,2.05,ml,17.0,186,0.1898,0.25,ci,ci37474277,2021-05-13T14:27:02.284Z,"10km W of Alberto Oviedo Mota, B.C., MX",earthquake,0.77,1.07,0.254,14,reviewed,ci,ci
2021-05-10T23:21:36.880Z,32.2445,-115.0746667,16.3,3.12,ml,20.0,118,0.05824,0.31,ci,ci39647327,2021-07-23T18:08:31.040Z,"6km SSE of Guadalupe Victoria, B.C., MX",earthquake,0.54,0.93,0.169,60,reviewed,ci,ci
2021-05-08T04:36:32.990Z,32.2108333,-117.6695,19.78,2.51,ml,17.0,296,0.6001,0.23,ci,ci39644767,2021-07-23T18:08:29.040Z,"61km WSW of Rosarito, B.C., MX",earthquake,0.79,3.33,0.112,6,reviewed,ci,ci
2021-05-05T11:24:38.021Z,31.4626,-115.6887,21.17,2.6,ml,,109,0.108,0.52,us,us7000e0ak,2021-07-10T20:15:30.040Z,"55 km ENE of San Vicente, Mexico",earthquake,2.6,6.9,0.056,42,reviewed,us,us
2021-05-05T08:58:29.195Z,31.4708,-115.6963,13.19,3.3,ml,,72,0.109,1.46,us,us7000e0a2,2021-07-10T20:15:29.040Z,"54 km ENE of San Vicente, Mexico",earthquake,2.2,9.6,0.051,50,reviewed,us,us
2021-05-04T14:16:22.207Z,31.39,-115.6375,10.0,2.5,ml,,153,0.125,0.87,us,us7000e00c,2021-07-10T20:15:20.040Z,"58 km E of San Vicente, Mexico",earthquake,1.9,2.0,0.077,22,reviewed,us,us
2021-05-03T02:31:01.500Z,32.1496667,-115.1378333,27.04,2.48,ml,17.0,134,0.1504,0.23,ci,ci37323324,2021-07-10T20:15:32.040Z,"9km SSE of Alberto Oviedo Mota, B.C., MX",earthquake,0.53,0.45,0.226,44,reviewed,ci,ci
2021-05-02T19:55:22.160Z,31.6643333,-115.9418333,8.87,2.13,ml,9.0,307,0.3395,0.2,ci,ci39638719,2021-05-03T18:06:32.996Z,"59km E of Maneadero, B.C., MX",earthquake,1.02,1.42,0.19,4,reviewed,ci,ci
2021-04-26T05:12:03.180Z,31.4669,-115.6631,10.0,3.7,ml,,70,0.127,0.87,us,us6000e4v0,2021-07-07T18:35:16.040Z,"57 km ENE of San Vicente, Mexico",earthquake,2.2,2.0,0.048,58,reviewed,us,us
2021-04-26T02:00:46.497Z,31.4833,-115.6258,5.0,2.5,ml,,112,0.163,1.17,us,us6000e4tj,2021-07-07T18:35:11.040Z,"61 km ENE of San Vicente, Mexico",earthquake,1.1,1.8,0.057,40,reviewed,us,us
2021-04-23T19:15:40.670Z,32.1626667,-117.4366667,7.42,2.04,ml,14.0,294,0.6721,0.2,ci,ci39626535,2021-04-26T20:39:59.599Z,"42km WSW of Rosarito, B.C., MX",earthquake,0.74,31.61,0.133,19,reviewed,ci,ci
2021-04-22T06:47:19.820Z,32.1636667,-117.454,18.46,2.44,ml,18.0,257,0.4836,0.13,ci,ci39859152,2021-04-22T21:02:12.966Z,"44km WSW of Rosarito, B.C., MX",earthquake,0.58,0.76,0.122,52,reviewed,ci,ci
2021-04-22T06:19:57.420Z,32.4641667,-115.173,17.38,2.11,ml,22.0,84,0.1202,0.28,ci,ci39859136,2021-04-22T18:04:43.446Z,"12km N of Delta, B.C., MX",earthquake,0.47,1.35,0.233,21,reviewed,ci,ci
2021-04-19T15:48:34.720Z,32.1423333,-117.4251667,20.54,2.24,ml,25.0,257,0.4828,0.22,ci,ci39855896,2021-04-19T18:38:45.199Z,"42km WSW of Rosarito, B.C., MX",earthquake,0.69,2.49,0.11,33,reviewed,ci,ci
2021-04-14T18:01:45.210Z,32.0206667,-117.387,9.57,2.25,ml,22.0,263,0.5636,0.13,ci,ci39849896,2021-04-17T15:32:30.062Z,"48km SW of Rosarito, B.C., MX",earthquake,0.45,31.61,0.082,34,reviewed,ci,ci
2021-04-11T13:24:07.900Z,31.9456667,-115.639,15.04,2.33,ml,24.0,105,0.2691,0.31,ci,ci39846832,2021-04-12T19:28:25.004Z,"54km SW of Alberto Oviedo Mota, B.C., MX",earthquake,0.46,1.59,0.12,40,reviewed,ci,ci
2021-04-05T21:24:18.790Z,32.2975,-115.3193333,27.61,2.47,ml,22.0,154,0.2061,0.3,ci,ci39839920,2021-06-12T21:37:30.040Z,"14km WSW of Delta, B.C., MX",earthquake,0.61,0.52,0.18,7,reviewed,ci,ci
2021-04-05T21:20:44.020Z,32.3236667,-115.3331667,16.57,2.98,ml,40.0,78,0.09849,0.32,ci,ci39839912,2021-06-12T21:37:30.040Z,"14km WSW of Delta, B.C., MX",earthquake,0.4,0.93,0.177,108,reviewed,ci,ci
2021-04-01T15:18:38.640Z,32.3751667,-115.2051667,18.63,2.56,ml,28.0,105,0.09533,0.25,ci,ci39597391,2021-06-08T17:59:44.040Z,"2km NNW of Delta, B.C., MX",earthquake,0.48,1.03,0.127,26,reviewed,ci,ci
2021-04-01T00:26:12.268Z,29.7511,-113.9179,11.06,4.8,mwr,,92,1.514,0.61,us,us6000dy35,2021-06-08T17:59:28.040Z,"119 km W of La Libertad, Mexico",earthquake,6.6,4.5,0.038,68,reviewed,us,us
2021-03-31T18:42:18.100Z,32.3716667,-115.2403333,19.83,3.05,ml,28.0,109,0.07258,0.34,ci,ci39596607,2021-06-08T17:59:27.040Z,"5km WNW of Delta, B.C., MX",earthquake,0.61,1.02,0.199,51,reviewed,ci,ci
2021-03-31T17:53:32.960Z,32.4315,-115.2376667,7.15,2.46,ml,24.0,102,0.05819,0.3,ci,ci39596551,2021-06-08T17:59:26.040Z,"10km NNW of Delta, B.C., MX",earthquake,0.49,1.28,0.159,28,reviewed,ci,ci
2021-03-31T09:38:55.010Z,32.403,-115.2455,18.91,3.01,ml,33.0,69,0.05295,0.33,ci,ci39596151,2021-06-08T17:59:23.040Z,"7km NW of Delta, B.C., MX",earthquake,0.48,1.01,0.29,19,reviewed,ci,ci
2021-03-31T09:34:50.440Z,32.3755,-115.2403333,10.86,2.2,ml,22.0,122,0.07013,0.28,ci,ci39596143,2021-03-31T17:25:58.597Z,"5km WNW of Delta, B.C., MX",earthquake,0.5,1.0,0.188,25,reviewed,ci,ci
2021-03-31T08:56:25.940Z,32.3903333,-115.2498333,19.22,4.75,mw,54.0,71,0.05499,0.32,ci,ci39596135,2021-06-08T17:59:22.040Z,"7km NW of Delta, B.C., MX",earthquake,0.46,0.94,,6,reviewed,ci,ci
2021-03-26T17:09:50.236Z,25.9371,-111.0372,15.66,4.0,mb,,162,1.748,0.92,us,us6000dwxw,2021-06-08T17:58:42.040Z,"32 km ESE of Loreto, Mexico",earthquake,3.5,5.1,0.118,19,reviewed,us,us
2021-03-26T08:27:47.052Z,31.4857,-115.6944,10.0,2.6,ml,,98,0.121,0.88,us,us6000dwlq,2021-06-08T17:58:32.040Z,"55 km ENE of San Vicente, Mexico",earthquake,2.3,2.0,0.056,42,reviewed,us,us
2021-03-22T17:53:18.367Z,27.7055,-111.72,10.0,4.1,mb,,100,0.601,1.12,us,us6000dvim,2021-06-02T15:22:13.040Z,"67 km NE of Santa Rosalía, Mexico",earthquake,3.9,2.0,0.091,33,reviewed,us,us
2021-03-17T20:27:42.700Z,31.5303333,-115.6196667,4.36,2.16,ml,7.0,138,0.1972,0.07,ci,ci39582719,2021-03-18T18:50:19.712Z,"88km SSW of Alberto Oviedo Mota, B.C., MX",earthquake,0.43,1.24,0.128,8,reviewed,ci,ci
2021-03-15T20:30:44.047Z,31.5163,-115.6202,4.63,2.7,ml,,103,0.187,0.72,us,us7000djlb,2021-05-26T22:07:48.040Z,"63 km ENE of San Vicente, Mexico",earthquake,1.7,4.9,0.071,26,reviewed,us,us
2021-03-15T19:34:23.470Z,31.0138333,-114.2036667,9.94,2.66,ml,2.0,224,0.5562,0.06,ci,ci39580911,2021-03-16T00:32:11.478Z,"151km SSE of Estacion Coahuila, B.C., MX",earthquake,2.18,31.61,0.148,2,reviewed,ci,ci
2021-03-15T19:07:05.668Z,31.5076,-115.6624,10.0,2.4,ml,,98,0.155,0.63,us,us7000djmi,2021-05-26T22:07:46.040Z,"Baja California, Mexico",earthquake,1.5,2.0,0.085,18,reviewed,us,us
2021-03-03T17:06:53.690Z,32.3531667,-115.3123333,7.78,2.2,ml,24.0,160,0.06643,0.29,ci,ci39808152,2021-03-03T19:39:51.090Z,"11km W of Delta, B.C., MX",earthquake,0.62,0.93,0.105,21,reviewed,ci,ci
2021-02-28T13:39:57.010Z,31.9061667,-117.0008333,15.72,2.11,ml,12.0,259,0.2887,0.15,ci,ci39804704,2021-03-01T20:52:35.260Z,"30km W of El Sauzal, B.C., MX",earthquake,0.75,3.09,0.145,9,reviewed,ci,ci
2021-02-22T12:08:59.800Z,32.3883333,-115.2111667,15.85,2.16,ml,26.0,79,0.08524,0.35,ci,ci39797544,2021-02-22T22:14:13.549Z,"4km NNW of Delta, B.C., MX",earthquake,0.69,1.23,0.203,20,reviewed,ci,ci
2021-02-20T04:03:58.510Z,32.1925,-115.2485,14.0,2.77,ml,26.0,159,0.183,0.25,ci,ci39795712,2021-05-04T14:15:14.040Z,"8km WSW of Alberto Oviedo Mota, B.C., MX",earthquake,0.65,0.68,0.196,18,reviewed,ci,ci
2021-02-10T08:46:34.860Z,32.1981667,-115.2425,16.82,2.22,ml,20.0,148,0.1755,0.26,ci,ci39547463,2021-02-10T16:33:49.804Z,"8km WSW of Alberto Oviedo Mota, B.C., MX",earthquake,0.68,1.14,0.2,17,reviewed,ci,ci
2021-02-10T04:42:12.240Z,31.522,-115.6781667,5.62,3.07,ml,22.0,154,0.1585,0.26,ci,ci39547215,2021-04-22T21:52:16.040Z,"87km ESE of Maneadero, B.C., MX",earthquake,0.48,31.61,0.218,107,reviewed,ci,ci
2021-02-10T01:35:48.664Z,31.488,-115.6987,4.29,2.4,ml,,157,0.12,0.84,us,us6000dg4c,2021-04-22T21:52:12.040Z,"55 km ENE of San Vicente, Mexico",earthquake,2.6,7.3,0.065,31,reviewed,us,us
2021-02-04T20:37:46.030Z,32.0606667,-116.4993333,20.04,2.13,ml,22.0,110,0.238,0.22,ci,ci39540967,2021-02-04T22:00:11.851Z,"24km NNE of Ensenada, B.C., MX",earthquake,0.45,1.75,0.191,17,reviewed,ci,ci
2021-02-04T14:04:17.140Z,31.5188333,-115.624,5.62,2.58,ml,18.0,189,0.1866,0.15,ci,ci39540615,2021-04-16T19:03:27.040Z,"90km SSW of Alberto Oviedo Mota, B.C., MX",earthquake,0.41,31.61,0.123,27,reviewed,ci,ci
2021-02-03T04:05:42.620Z,32.4936667,-115.6086667,3.94,2.22,ml,35.0,182,0.1843,0.29,ci,ci39539367,2021-02-03T15:41:40.918Z,"10km SSW of Progreso, B.C., MX",earthquake,0.53,1.32,0.155,53,reviewed,ci,ci
2021-01-27T11:29:11.150Z,32.4063333,-115.2205,21.03,2.08,ml,20.0,159,0.07267,0.27,ci,ci39533191,2021-01-27T20:45:39.511Z,"6km NNW of Delta, B.C., MX",earthquake,0.68,1.52,0.182,15,reviewed,ci,ci
2021-01-27T09:00:49.090Z,32.421,-115.2285,10.99,2.11,ml,16.0,137,0.06472,0.31,ci,ci39533047,2021-01-27T19:31:00.116Z,"8km NNW of Delta, B.C., MX",earthquake,0.68,1.36,0.053,8,reviewed,ci,ci
2021-01-26T10:25:24.690Z,32.3263333,-115.3803333,20.68,2.1,ml,30.0,87,0.1127,0.29,ci,ci39768344,2021-01-26T20:57:00.026Z,"18km W of Delta, B.C., MX",earthquake,0.64,1.55,0.185,23,reviewed,ci,ci
2021-01-24T16:32:01.820Z,32.3228333,-115.3893333,10.82,2.03,ml,23.0,106,0.1199,0.26,ci,ci39767248,2021-01-26T03:40:19.756Z,"19km W of Delta, B.C., MX",earthquake,0.41,0.98,0.229,27,reviewed,ci,ci
2021-01-24T07:49:49.680Z,32.4295,-115.1661667,15.69,2.21,ml,30.0,69,0.1178,0.29,ci,ci39767096,2021-01-25T22:31:12.969Z,"9km NNE of Delta, B.C., MX",earthquake,0.34,0.64,0.201,16,reviewed,ci,ci
2021-01-22T14:26:51.500Z,32.3096667,-115.4116667,5.93,2.02,ml,12.0,146,0.1419,0.38,ci,ci39765552,2021-01-22T18:45:41.387Z,"21km WSW of Delta, B.C., MX",earthquake,0.76,31.61,0.218,18,reviewed,ci,ci
2021-01-22T14:15:05.310Z,31.5266667,-115.683,2.23,2.53,ml,8.0,152,0.1601,0.06,ci,ci39765520,2021-04-13T17:07:09.040Z,"86km ESE of Maneadero, B.C., MX",earthquake,0.15,0.45,0.126,25,reviewed,ci,ci
2021-01-22T13:43:43.200Z,32.3223333,-115.388,5.95,2.02,ml,19.0,124,0.1197,0.32,ci,ci39765472,2021-01-22T20:18:03.862Z,"19km W of Delta, B.C., MX",earthquake,0.66,31.61,0.203,31,reviewed,ci,ci
2021-01-21T18:51:46.450Z,32.332,-115.4015,2.04,2.23,ml,25.0,113,0.1195,0.28,ci,ci39764368,2021-01-21T20:53:59.970Z,"20km W of Delta, B.C., MX",earthquake,0.43,0.94,0.183,45,reviewed,ci,ci
2021-01-21T13:36:07.630Z,31.5335,-115.7333333,5.2,3.16,ml,19.0,136,0.1481,0.22,ci,ci39763976,2021-03-27T21:05:54.040Z,"82km ESE of Maneadero, B.C., MX",earthquake,0.31,31.61,0.198,125,reviewed,ci,ci
2021-01-20T14:59:43.686Z,26.5941,-110.9635,10.0,4.7,mb,,78,1.35,0.63,us,us7000d1nc,2025-12-22T17:59:51.666Z,"75 km NNE of Loreto, Mexico",earthquake,6.1,1.8,0.048,136,reviewed,us,us
2021-01-18T15:08:27.099Z,31.4861,-115.7365,12.5,2.4,ml,,169,0.102,0.61,us,us7000d1g9,2021-03-27T21:05:33.040Z,"51 km ENE of San Vicente, Mexico",earthquake,2.7,8.1,0.081,20,reviewed,us,us
2021-01-17T11:30:05.370Z,32.0018333,-116.1511667,19.53,2.76,ml,19.0,102,0.1726,0.21,ci,ci39759824,2021-03-27T21:05:05.040Z,"47km ENE of Ensenada, B.C., MX",earthquake,0.38,1.45,0.149,93,reviewed,ci,ci
2021-01-08T01:29:34.820Z,32.3756667,-115.2148333,10.91,2.2,ml,26.0,119,0.08791,0.32,ci,ci39751264,2021-01-08T03:37:44.000Z,"3km NW of Delta, B.C., MX",earthquake,0.59,0.94,0.134,49,reviewed,ci,ci
2021-01-06T21:04:00.580Z,31.611,-115.9981667,8.65,3.37,ml,14.0,155,0.2853,0.18,ci,ci39750256,2021-03-13T22:59:38.040Z,"55km ESE of Maneadero, B.C., MX",earthquake,0.39,1.15,0.146,53,reviewed,ci,ci
2021-01-05T14:33:02.580Z,31.5368333,-115.6855,3.08,2.72,ml,11.0,90,0.1676,0.2,ci,ci39511431,2021-03-13T22:59:22.040Z,"86km ESE of Maneadero, B.C., MX",earthquake,0.38,1.4,0.108,17,reviewed,ci,ci
2021-01-04T23:33:55.140Z,32.32,-115.3798333,18.64,2.19,ml,25.0,125,0.1177,0.34,ci,ci39511175,2021-01-12T03:08:42.670Z,"18km WSW of Delta, B.C., MX",earthquake,0.64,1.45,0.184,35,reviewed,ci,ci
2021-01-02T08:52:59.488Z,31.4496,-115.6956,15.4,2.5,ml,,113,0.095,0.61,us,us6000d4yy,2021-03-13T22:58:40.040Z,"54 km ENE of San Vicente, Mexico",earthquake,1.5,7.1,0.056,42,reviewed,us,us
2021-01-01T10:06:30.820Z,32.3948333,-115.2025,11.63,2.21,ml,27.0,101,0.09012,0.36,ci,ci39508575,2021-01-08T20:44:15.236Z,"4km NNW of Delta, B.C., MX",earthquake,0.64,1.18,0.185,42,reviewed,ci,ci
2021-01-01T04:29:27.140Z,32.3953333,-115.2323333,2.91,2.29,ml,26.0,102,0.06602,0.42,ci,ci39508431,2021-01-07T17:43:32.285Z,"6km NW of Delta, B.C., MX",earthquake,0.81,1.15,0.144,46,reviewed,ci,ci
2020-12-30T05:28:59.110Z,32.3028333,-115.3885,5.95,2.02,ml,26.0,118,0.1361,0.31,ci,ci39506887,2021-01-06T19:39:52.459Z,"19km WSW of Delta, B.C., MX",earthquake,0.83,31.61,0.215,27,reviewed,ci,ci
2020-12-28T21:32:34.070Z,32.3756667,-115.1645,19.09,2.23,ml,17.0,219,0.1266,0.32,ci,ci39506071,2021-01-06T23:45:37.375Z,"4km NE of Delta, B.C., MX",earthquake,0.92,0.77,0.233,30,reviewed,ci,ci
2020-12-28T16:28:37.890Z,32.37,-115.1688333,17.42,2.13,ml,15.0,218,0.1253,0.24,ci,ci39505999,2021-01-07T02:33:19.318Z,"3km NE of Delta, B.C., MX",earthquake,0.82,1.03,0.208,22,reviewed,ci,ci
2020-12-28T15:41:40.950Z,32.3921667,-115.167,19.07,2.38,ml,26.0,141,0.1199,0.27,ci,ci39505983,2021-01-08T03:30:44.460Z,"5km NNE of Delta, B.C., MX",earthquake,0.61,0.74,0.216,35,reviewed,ci,ci
2020-12-28T15:29:25.190Z,32.3626667,-115.1561667,16.95,2.5,ml,20.0,219,0.1381,0.29,ci,ci39505975,2021-03-06T23:19:57.040Z,"4km ENE of Delta, B.C., MX",earthquake,0.83,1.07,0.159,54,reviewed,ci,ci
2020-12-28T15:04:14.830Z,32.424,-115.178,16.1,2.26,ml,25.0,94,0.1075,0.37,ci,ci39505927,2021-01-12T21:29:00.850Z,"8km N of Delta, B.C., MX",earthquake,0.71,1.53,0.188,48,reviewed,ci,ci
2020-12-28T14:41:35.060Z,32.3613333,-115.1595,16.81,2.41,ml,26.0,219,0.1361,0.32,ci,ci39505903,2021-01-08T03:44:08.931Z,"3km ENE of Delta, B.C., MX",earthquake,0.8,1.1,0.174,47,reviewed,ci,ci
2020-12-28T14:36:31.090Z,32.3741667,-115.1571667,19.77,2.92,ml,23.0,218,0.133,0.35,ci,ci39505895,2021-03-06T23:19:55.040Z,"4km ENE of Delta, B.C., MX",earthquake,1.15,0.92,0.257,13,reviewed,ci,ci
2020-12-28T14:34:53.600Z,32.4385,-115.1648333,27.81,3.37,ml,28.0,91,0.12,0.33,ci,ci39505887,2021-03-06T23:19:55.040Z,"10km NNE of Delta, B.C., MX",earthquake,0.58,0.82,0.277,37,reviewed,ci,ci
2020-12-28T14:29:09.340Z,32.4331667,-115.1788333,15.01,2.28,ml,24.0,92,0.1076,0.34,ci,ci39505871,2021-01-12T21:57:28.918Z,"9km N of Delta, B.C., MX",earthquake,0.57,1.16,0.17,51,reviewed,ci,ci
2020-12-28T14:29:06.880Z,32.4271667,-115.1808333,15.91,2.06,ml,22.0,94,0.1053,0.36,ci,ci37463909,2021-01-12T22:13:00.223Z,"8km N of Delta, B.C., MX",earthquake,0.74,1.34,0.154,7,reviewed,ci,ci
2020-12-27T21:27:48.480Z,32.216,-115.266,11.54,2.15,ml,26.0,151,0.2056,0.21,ci,ci39505519,2021-01-05T04:31:51.472Z,"9km W of Alberto Oviedo Mota, B.C., MX",earthquake,0.47,0.92,0.151,26,reviewed,ci,ci
2020-12-23T22:22:19.690Z,32.3358333,-115.3795,15.2,3.34,ml,46.0,86,0.1046,0.34,ci,ci39502175,2021-03-06T23:18:04.040Z,"18km W of Delta, B.C., MX",earthquake,0.41,0.73,0.212,166,reviewed,ci,ci
2020-12-23T21:05:25.660Z,32.2031667,-115.2108333,15.97,2.49,ml,14.0,205,0.1515,0.23,ci,ci39502143,2021-03-06T23:18:03.040Z,"5km SW of Alberto Oviedo Mota, B.C., MX",earthquake,1.02,2.02,0.162,14,reviewed,ci,ci
2020-12-22T01:14:29.930Z,32.3376667,-115.408,2.15,2.13,ml,22.0,139,0.1194,0.23,ci,ci39500503,2020-12-22T01:55:19.650Z,"20km W of Delta, B.C., MX",earthquake,0.39,0.81,0.266,38,reviewed,ci,ci
2020-12-22T00:30:00.240Z,32.3371667,-115.3908333,15.21,4.05,mw,54.0,76,0.1096,0.32,ci,ci39500455,2021-07-19T21:07:19.912Z,"19km W of Delta, B.C., MX",earthquake,0.41,0.68,,6,reviewed,ci,ci
2020-12-21T16:38:39.240Z,32.3343333,-115.3856667,14.78,2.54,ml,29.0,76,0.109,0.32,ci,ci39499863,2021-02-27T23:26:54.040Z,"18km W of Delta, B.C., MX",earthquake,0.56,1.04,0.196,68,reviewed,ci,ci
2020-12-18T16:41:35.750Z,31.5108333,-115.7486667,13.83,3.24,ml,5.0,147,0.1228,0.08,ci,ci39496959,2021-02-27T23:25:48.040Z,"81km ESE of Maneadero, B.C., MX",earthquake,0.85,1.55,0.142,38,reviewed,ci,ci
2020-12-16T14:14:46.580Z,31.9705,-116.779,10.6,2.1,ml,23.0,207,0.1413,0.2,ci,ci39495143,2020-12-16T17:58:52.784Z,"12km NW of El Sauzal, B.C., MX",earthquake,0.45,0.67,0.046,7,reviewed,ci,ci
2020-12-10T10:36:31.590Z,32.275,-115.0981667,19.88,2.8,ml,33.0,70,0.03356,0.24,ci,ci39489951,2021-02-20T16:11:04.040Z,"2km SSE of Guadalupe Victoria, B.C., MX",earthquake,0.32,0.5,0.314,14,reviewed,ci,ci
2020-12-09T10:22:19.534Z,31.4795,-115.7016,8.65,2.7,ml,,79,0.112,0.7,us,us7000cpf0,2021-02-20T16:10:54.040Z,"54 km ENE of San Vicente, Mexico",earthquake,1.3,12.2,0.071,26,reviewed,us,us
2020-12-07T04:12:25.430Z,31.6113333,-116.507,15.91,2.53,ml,10.0,224,0.2888,0.17,ci,ci39487247,2021-02-12T22:40:12.040Z,"13km SSE of Maneadero, B.C., MX",earthquake,0.67,1.22,0.366,2,reviewed,ci,ci
2020-12-04T19:07:54.970Z,31.9603333,-116.8268333,9.0,2.86,ml,15.0,218,0.166,0.26,ci,ci39485111,2021-02-12T22:39:09.040Z,"15km WNW of El Sauzal, B.C., MX",earthquake,0.84,1.45,0.146,55,reviewed,ci,ci
2020-12-03T09:05:31.180Z,31.9285,-116.2673333,18.89,2.51,ml,20.0,118,0.2819,0.25,ci,ci39483815,2021-02-12T22:38:39.040Z,"34km E of Ensenada, B.C., MX",earthquake,0.34,0.84,0.14,7,reviewed,ci,ci
2020-12-02T16:51:43.880Z,32.4271667,-115.5021667,20.09,2.14,ml,30.0,86,0.1669,0.31,ci,ci39483015,2020-12-03T00:48:39.660Z,"19km SSE of Progreso, B.C., MX",earthquake,0.54,1.15,0.291,25,reviewed,ci,ci
2020-12-02T12:08:40.000Z,31.8633333,-117.0656667,5.67,2.59,ml,25.0,266,0.3414,0.23,ci,ci39482839,2021-02-12T22:38:18.040Z,"36km W of El Sauzal, B.C., MX",earthquake,0.73,31.61,0.17,25,reviewed,ci,ci
2020-12-02T09:29:54.076Z,27.9728,-111.3037,10.0,4.4,mb,,235,1.088,0.62,us,us7000cm22,2021-03-22T18:44:03.567Z,"25 km W of San Carlos, Mexico",earthquake,6.2,2.0,0.169,10,reviewed,us,us
2020-12-02T07:33:03.400Z,32.2571667,-116.9841667,19.01,2.02,ml,39.0,203,0.2592,0.18,ci,ci39482671,2020-12-02T19:55:05.132Z,"8km WNW of Primo Tapia, B.C., MX",earthquake,0.3,0.35,0.116,25,reviewed,ci,ci
2020-11-24T10:10:35.380Z,32.4081667,-115.213,7.21,2.31,ml,27.0,68,0.07863,0.3,ci,ci39475727,2020-11-25T18:30:34.475Z,"6km NNW of Delta, B.C., MX",earthquake,0.36,1.5,0.194,14,reviewed,ci,ci
2020-11-21T00:05:50.469Z,24.1398,-109.1819,10.0,4.0,mb,,120,1.029,1.42,us,us6000cr3j,2021-02-03T17:49:30.040Z,"73 km NE of La Rivera, Mexico",earthquake,3.6,1.9,0.055,93,reviewed,us,us
2020-11-17T16:26:39.570Z,31.7268333,-116.0533333,10.64,2.6,ml,16.0,141,0.2913,0.18,ci,ci39468327,2021-01-27T17:28:14.040Z,"49km E of Maneadero, B.C., MX",earthquake,0.35,1.19,0.139,59,reviewed,ci,ci
2020-11-14T10:50:13.170Z,31.4714,-115.7665,7.2,2.5,ml,,107,0.081,0.71,us,us7000cfu4,2021-01-27T17:30:00.040Z,"48 km ENE of San Vicente, Mexico",earthquake,1.8,4.9,0.064,32,reviewed,us,us
2020-11-12T02:38:32.431Z,27.5631,-111.4731,10.0,3.9,mb,,181,0.724,0.81,us,us7000cdm4,2021-01-27T17:28:44.040Z,"60 km SW of San Carlos, Mexico",earthquake,7.6,2.0,0.149,12,reviewed,us,us
2020-11-11T03:03:40.740Z,31.8706667,-114.9448333,23.95,3.23,ml,19.0,112,0.1915,0.28,ci,ci39462007,2021-01-27T17:28:39.040Z,"36km S of Estacion Coahuila, B.C., MX",earthquake,0.41,0.7,0.097,9,reviewed,ci,ci
2020-11-10T12:00:37.880Z,31.7871667,-115.9378333,13.6,2.21,ml,11.0,150,0.2172,0.15,ci,ci39461463,2020-11-10T16:03:15.493Z,"60km E of Maneadero, B.C., MX",earthquake,0.45,0.73,0.087,24,reviewed,ci,ci
2020-11-06T16:35:14.050Z,31.5066667,-115.7018333,7.82,2.32,ml,7.0,152,0.1347,0.19,ci,ci39459183,2020-11-07T01:36:16.075Z,"85km ESE of Maneadero, B.C., MX",earthquake,0.61,31.61,0.164,4,reviewed,ci,ci
2020-11-06T06:20:06.318Z,31.6261,-109.1419,19.7,3.0,ml,,91,0.276,0.36,us,us7000cb7d,2021-01-23T22:25:31.040Z,"25 km SSW of Rodeo, New Mexico",earthquake,3.0,7.2,0.057,40,reviewed,us,us
2020-11-04T21:47:00.650Z,31.5323333,-115.6181667,7.34,2.47,ml,8.0,230,0.1996,0.08,ci,ci39456911,2021-01-23T22:25:28.040Z,"88km SSW of Alberto Oviedo Mota, B.C., MX",earthquake,0.67,1.39,0.13,34,reviewed,ci,ci
2020-11-03T11:04:43.725Z,31.4856,-115.657,10.0,2.6,ml,,142,0.143,0.82,us,us7000c9te,2021-01-18T23:02:08.040Z,"58 km ENE of San Vicente, Mexico",earthquake,2.8,2.0,0.062,34,reviewed,us,us
2020-11-03T11:00:39.520Z,31.5295,-115.7046667,8.4,3.74,ml,16.0,145,0.1535,0.17,ci,ci39455079,2021-01-18T23:02:08.040Z,"84km ESE of Maneadero, B.C., MX",earthquake,0.35,31.61,0.157,237,reviewed,ci,ci
2020-11-03T05:43:27.730Z,32.2173333,-115.2061667,22.93,2.19,ml,18.0,109,0.1394,0.22,ci,ci39454951,2020-11-03T14:49:53.652Z,"4km WSW of Alberto Oviedo Mota, B.C., MX",earthquake,0.49,0.92,0.221,15,reviewed,ci,ci
2020-11-02T11:09:41.160Z,31.5216667,-115.7153333,7.82,2.95,ml,14.0,161,0.1425,0.2,ci,ci37459797,2021-01-18T23:02:01.040Z,"84km ESE of Maneadero, B.C., MX",earthquake,0.42,31.61,0.112,29,reviewed,ci,ci
2020-11-02T11:09:16.301Z,31.3841,-115.6172,10.0,2.9,ml,,189,0.142,0.83,us,us7000c9ai,2021-01-18T23:02:01.040Z,"60 km E of San Vicente, Mexico",earthquake,3.1,2.0,0.057,40,reviewed,us,us
2020-11-02T09:00:42.450Z,31.5281667,-115.7748333,7.82,2.44,ml,12.0,148,0.1366,0.27,ci,ci37459789,2020-11-03T17:03:05.261Z,"78km ESE of Maneadero, B.C., MX",earthquake,0.61,31.61,0.136,19,reviewed,ci,ci
2020-11-02T09:00:26.580Z,31.5295,-115.7393333,8.2,2.55,ml,16.0,134,0.1429,0.19,ci,ci39453951,2021-01-18T23:02:01.040Z,"81km ESE of Maneadero, B.C., MX",earthquake,0.3,31.61,0.139,48,reviewed,ci,ci
2020-11-02T03:14:53.750Z,31.5308333,-115.6555,6.21,2.52,ml,11.0,221,0.1771,0.11,ci,ci39453791,2021-01-18T23:02:00.040Z,"89km ESE of Maneadero, B.C., MX",earthquake,0.5,1.52,0.116,42,reviewed,ci,ci
2020-11-02T01:10:44.310Z,31.5278333,-115.663,7.86,2.66,ml,13.0,176,0.1709,0.07,ci,ci39453671,2021-01-18T23:01:59.040Z,"88km ESE of Maneadero, B.C., MX",earthquake,0.25,0.6,0.149,63,reviewed,ci,ci
2020-10-28T23:53:57.630Z,32.4958333,-115.5761667,10.17,2.14,ml,34.0,99,0.1988,0.26,ci,ci39448207,2020-10-29T15:38:57.480Z,"9km S of Progreso, B.C., MX",earthquake,0.41,0.9,0.32,17,reviewed,ci,ci
2020-10-24T19:27:03.060Z,32.3905,-115.2375,11.73,2.83,ml,30.0,84,0.064,0.3,ci,ci39443999,2021-01-09T20:05:24.040Z,"6km NW of Delta, B.C., MX",earthquake,0.54,0.8,0.278,13,reviewed,ci,ci
2020-10-24T10:11:07.260Z,25.7224,-110.1051,10.0,4.6,mb,,130,0.968,0.93,us,us6000ccj8,2021-01-09T20:05:23.040Z,"78 km WSW of Las Grullas Margen Derecha, Mexico",earthquake,3.1,1.9,0.055,99,reviewed,us,us
2020-10-22T12:11:39.920Z,32.2841667,-115.2666667,13.59,2.65,ml,26.0,131,0.1388,0.29,ci,ci39441319,2021-01-09T20:05:18.040Z,"10km SW of Delta, B.C., MX",earthquake,0.51,1.09,0.088,49,reviewed,ci,ci
2020-10-19T06:25:24.324Z,24.3482,-109.0131,10.0,4.6,mb,,185,3.972,1.08,us,us6000c9bs,2020-12-29T23:07:38.040Z,"101 km NE of Los Barriles, Mexico",earthquake,9.4,1.9,0.041,177,reviewed,us,us
2020-10-18T19:04:16.320Z,32.3963333,-115.2506667,7.43,3.24,ml,36.0,115,0.05144,0.34,ci,ci39667304,2020-12-29T23:07:36.040Z,"7km NW of Delta, B.C., MX",earthquake,0.5,1.09,0.15,190,reviewed,ci,ci
2020-10-18T10:33:47.150Z,32.4321667,-115.1665,21.94,2.64,ml,38.0,89,0.1178,0.3,ci,ci39666960,2020-12-29T23:07:35.040Z,"9km NNE of Delta, B.C., MX",earthquake,0.48,0.93,0.213,22,reviewed,ci,ci
2020-10-18T10:31:34.980Z,32.4648333,-115.178,19.86,3.5,mw,49.0,55,0.1165,0.34,ci,ci39666952,2021-02-08T05:09:52.131Z,"12km N of Delta, B.C., MX",earthquake,0.35,0.57,,4,reviewed,ci,ci
2020-10-17T14:24:48.150Z,31.895,-115.8241667,10.37,2.49,ml,23.0,170,0.1519,0.14,ci,ci39666120,2020-12-29T23:07:32.040Z,"72km WSW of Alberto Oviedo Mota, B.C., MX",earthquake,0.47,0.43,0.152,22,reviewed,ci,ci
2020-10-14T13:08:27.423Z,31.3466,-115.3678,10.0,2.4,ml,,153,0.358,1.04,us,us6000c8ab,2020-12-29T23:07:20.040Z,"61 km NW of San Felipe, Mexico",earthquake,1.6,2.0,0.055,44,reviewed,us,us
2020-10-08T23:01:16.546Z,31.4951,-115.6873,10.0,2.4,ml,,103,0.132,0.62,us,us6000c74k,2020-12-19T17:22:42.040Z,"56 km ENE of San Vicente, Mexico",earthquake,1.7,2.0,0.097,14,reviewed,us,us
2020-10-08T22:44:09.150Z,32.2016667,-115.021,16.62,2.76,ml,18.0,122,0.06167,0.33,ci,ci39657280,2020-12-19T17:22:40.040Z,"2km WNW of Estacion Coahuila, B.C., MX",earthquake,0.69,0.97,0.171,46,reviewed,ci,ci
2020-10-08T13:35:19.000Z,32.2013333,-115.0203333,16.5,2.57,ml,15.0,166,0.06102,0.35,ci,ci39656456,2020-12-19T17:22:42.040Z,"2km WNW of Estacion Coahuila, B.C., MX",earthquake,0.83,1.23,0.223,67,reviewed,ci,ci
2020-10-08T12:09:17.290Z,31.4173333,-115.5835,9.25,2.11,ml,6.0,227,0.1734,0.2,ci,ci37458053,2020-10-16T02:37:13.964Z,"98km SSW of Alberto Oviedo Mota, B.C., MX",earthquake,1.75,31.61,0.203,7,reviewed,ci,ci
2020-10-07T15:09:40.600Z,32.1471667,-115.1375,21.72,2.2,ml,9.0,140,0.1504,0.31,ci,ci37457341,2020-10-07T20:00:10.884Z,"9km SSE of Alberto Oviedo Mota, B.C., MX",earthquake,0.91,1.33,0.224,4,reviewed,ci,ci
2020-10-07T13:31:27.069Z,31.4622,-115.7141,10.0,3.2,ml,,77,0.092,0.57,us,us6000c6ez,2020-12-19T17:22:38.040Z,"52 km ENE of San Vicente, Mexico",earthquake,2.0,2.0,0.052,48,reviewed,us,us
2020-10-02T21:14:18.364Z,31.432,-115.7299,9.29,2.5,ml,,112,0.061,0.55,us,us6000c50p,2020-12-12T22:28:36.040Z,"50 km ENE of San Vicente, Mexico",earthquake,2.5,10.9,0.057,40,reviewed,us,us
2020-10-02T12:42:22.170Z,31.6238333,-115.8546667,3.85,2.49,ml,17.0,125,0.2395,0.17,ci,ci39649696,2020-12-12T22:28:35.040Z,"68km E of Maneadero, B.C., MX",earthquake,0.34,1.15,0.104,15,reviewed,ci,ci
2020-09-28T03:39:13.460Z,32.143,-116.9606667,12.52,2.89,ml,48.0,207,0.3036,0.23,ci,ci38705706,2020-12-05T21:03:02.040Z,"10km SSW of Primo Tapia, B.C., MX",earthquake,0.39,0.92,0.14,26,reviewed,ci,ci
2020-09-27T05:48:38.320Z,32.1498333,-116.963,11.33,2.03,ml,29.0,210,0.3015,0.14,ci,ci38705178,2020-09-28T22:16:30.555Z,"9km SSW of Primo Tapia, B.C., MX",earthquake,0.34,0.65,0.204,10,reviewed,ci,ci
2020-09-26T19:12:53.490Z,31.5206667,-115.6751667,7.21,2.99,ml,15.0,156,0.1589,0.2,ci,ci38704794,2020-12-05T21:03:04.040Z,"87km ESE of Maneadero, B.C., MX",earthquake,0.32,31.61,0.154,97,reviewed,ci,ci
2020-09-26T02:02:38.960Z,32.0895,-116.8616667,17.82,2.07,ml,20.0,244,0.2791,0.11,ci,ci38704210,2020-09-28T15:21:00.055Z,"15km SSE of Primo Tapia, B.C., MX",earthquake,0.45,0.58,0.125,23,reviewed,ci,ci
2020-09-24T23:06:42.138Z,27.0779,-111.2685,10.0,4.6,mb,,112,0.899,0.93,us,us6000c0xh,2020-12-05T21:02:57.040Z,"73 km ENE of Mulegé, Mexico",earthquake,6.9,1.9,0.057,90,reviewed,us,us
2020-09-24T23:01:30.369Z,27.1573,-111.4068,10.0,5.3,mww,,125,0.76,0.66,us,us6000c0ww,2025-12-22T18:42:48.201Z,"64 km ENE of Mulegé, Mexico",earthquake,7.3,1.9,0.046,45,reviewed,us,us
2020-09-23T22:49:52.300Z,31.5073333,-115.7166667,9.2,2.82,ml,14.0,146,0.1291,0.16,ci,ci38702074,2020-12-05T21:02:57.040Z,"84km ESE of Maneadero, B.C., MX",earthquake,0.41,31.61,0.164,67,reviewed,ci,ci
2020-09-22T11:20:51.828Z,31.4988,-115.717,10.0,2.9,ml,,147,0.121,0.51,us,us6000bznb,2020-11-28T21:32:04.040Z,"53 km ENE of San Vicente, Mexico",earthquake,1.3,2.0,0.064,32,reviewed,us,us
2020-09-20T17:31:02.389Z,31.4921,-115.6756,10.0,3.6,ml,,103,0.136,1.07,us,us7000bqiw,2022-08-09T00:26:52.187Z,"57 km ENE of San Vicente, Mexico",earthquake,1.7,2.0,0.06,36,reviewed,us,us
2020-09-20T03:59:26.970Z,32.3366667,-115.3098333,10.66,2.08,ml,28.0,132,0.0827,0.26,ci,ci38696410,2020-09-21T20:31:51.600Z,"11km W of Delta, B.C., MX",earthquake,0.49,0.7,0.185,19,reviewed,ci,ci
2020-09-20T03:05:19.170Z,31.5323333,-115.6603333,-1.18,2.39,ml,6.0,219,0.1758,0.12,ci,ci38696378,2020-09-22T16:18:22.200Z,"88km ESE of Maneadero, B.C., MX",earthquake,2.32,3.45,0.121,17,reviewed,ci,ci
2020-09-19T00:41:01.068Z,31.4857,-115.7214,10.0,2.5,ml,,123,0.108,0.82,us,us6000bzf0,2020-11-28T21:31:52.040Z,"53 km ENE of San Vicente, Mexico",earthquake,2.7,2.0,0.059,38,reviewed,us,us
2020-09-16T13:01:42.360Z,31.4971667,-115.6018333,8.82,2.03,ml,6.0,241,0.188,0.08,ci,ci38691330,2020-09-17T17:02:02.123Z,"91km SSW of Alberto Oviedo Mota, B.C., MX",earthquake,0.62,31.61,0.146,7,reviewed,ci,ci
2020-09-15T10:50:12.440Z,31.8315,-117.0973333,19.96,2.98,ml,38.0,242,0.3702,0.18,ci,ci38689570,2020-11-21T20:10:45.040Z,"40km W of El Sauzal, B.C., MX",earthquake,0.47,0.94,0.112,25,reviewed,ci,ci
2020-09-14T23:03:09.130Z,31.747,-116.1983333,9.02,2.73,ml,22.0,154,0.3338,0.34,ci,ci38689130,2020-11-21T20:10:43.040Z,"35km E of Maneadero, B.C., MX",earthquake,0.46,31.61,0.12,25,reviewed,ci,ci
2020-09-11T14:47:47.890Z,32.1756667,-115.2111667,9.96,2.47,ml,20.0,95,0.2119,0.37,ci,ci38684298,2020-11-21T20:10:36.040Z,"7km SW of Alberto Oviedo Mota, B.C., MX",earthquake,0.61,31.61,0.159,15,reviewed,ci,ci
2020-09-09T20:45:11.610Z,31.4941667,-115.655,9.2,2.3,ml,6.0,134,0.1505,0.06,ci,ci38682026,2020-09-10T22:11:20.208Z,"90km ESE of Maneadero, B.C., MX",earthquake,0.16,31.61,0.162,17,reviewed,ci,ci
2020-09-09T01:47:44.740Z,31.522,-115.632,9.2,2.33,ml,9.0,129,0.1839,0.09,ci,ci38681034,2020-09-09T19:59:53.853Z,"90km SSW of Alberto Oviedo Mota, B.C., MX",earthquake,0.18,31.61,0.102,20,reviewed,ci,ci
2020-09-06T15:16:36.120Z,31.9086667,-115.8188333,6.97,2.16,ml,16.0,170,0.1457,0.2,ci,ci38678770,2020-09-08T17:50:26.955Z,"71km WSW of Alberto Oviedo Mota, B.C., MX",earthquake,0.52,0.98,0.151,17,reviewed,ci,ci
2020-09-04T02:58:33.370Z,31.5168333,-115.6501667,9.4,2.76,ml,19.0,99,0.1695,0.21,ci,ci38674722,2020-11-17T19:44:32.040Z,"90km ESE of Maneadero, B.C., MX",earthquake,0.22,31.61,0.219,15,reviewed,ci,ci
2020-09-03T17:36:24.140Z,31.5043333,-115.6533333,16.78,2.64,ml,11.0,102,0.1586,0.1,ci,ci38673610,2020-11-17T19:44:28.040Z,"90km ESE of Maneadero, B.C., MX",earthquake,0.45,0.81,0.089,17,reviewed,ci,ci
2020-09-03T10:17:38.000Z,31.5318333,-115.662,11.06,2.79,ml,14.0,96,0.1746,0.11,ci,ci39369543,2020-11-17T19:44:26.040Z,"88km ESE of Maneadero, B.C., MX",earthquake,0.4,0.94,0.153,50,reviewed,ci,ci
2020-09-03T02:45:22.910Z,24.1798,-110.0976,10.0,3.4,mb,,162,0.511,0.72,us,us7000bh03,2020-11-17T19:44:24.040Z,"20 km E of La Paz, Mexico",earthquake,6.7,2.0,0.489,1,reviewed,us,us
2020-09-01T07:41:34.388Z,31.4528,-115.6461,20.51,3.3,ml,,122,0.132,1.17,us,us7000bfn0,2020-11-07T18:48:43.040Z,"58 km ENE of San Vicente, Mexico",earthquake,3.1,8.9,0.055,44,reviewed,us,us
2020-08-31T11:38:11.140Z,31.48,-115.6768333,18.48,2.23,ml,9.0,123,0.1273,0.14,ci,ci37454045,2020-09-01T21:01:38.200Z,"88km ESE of Maneadero, B.C., MX",earthquake,0.43,0.46,0.118,6,reviewed,ci,ci
2020-08-31T01:46:35.433Z,31.4603,-115.6838,12.68,2.4,ml,,111,0.109,0.8,us,us7000bf53,2020-11-07T18:48:38.040Z,"55 km ENE of San Vicente, Mexico",earthquake,2.6,5.1,0.059,38,reviewed,us,us
2020-08-31T01:23:24.005Z,31.4933,-115.6864,10.0,2.6,ml,,75,0.131,1.07,us,us7000bfae,2020-11-07T18:48:40.040Z,"56 km ENE of San Vicente, Mexico",earthquake,2.0,2.0,0.059,38,reviewed,us,us
2020-08-30T00:04:05.630Z,31.4963333,-115.6556667,9.2,2.41,ml,7.0,125,0.1516,0.06,ci,ci39364911,2020-08-31T23:26:46.058Z,"90km ESE of Maneadero, B.C., MX",earthquake,0.19,31.61,0.113,22,reviewed,ci,ci
2020-08-29T12:16:30.297Z,31.5043,-115.7241,10.0,2.3,ml,,90,0.123,0.89,us,us7000bf41,2020-11-07T18:48:38.040Z,"53 km ENE of San Vicente, Mexico",earthquake,0.8,2.0,0.081,20,reviewed,us,us
2020-08-29T10:31:11.318Z,31.4907,-115.7005,10.0,2.7,ml,,94,0.122,0.69,us,us7000bf42,2020-11-07T18:48:38.040Z,"55 km ENE of San Vicente, Mexico",earthquake,1.3,2.0,0.064,32,reviewed,us,us
2020-08-29T02:09:21.310Z,32.326,-115.3518333,18.72,2.05,ml,27.0,143,0.1013,0.24,ci,ci39364095,2020-08-31T17:54:33.868Z,"15km WSW of Delta, B.C., MX",earthquake,0.34,0.89,0.148,21,reviewed,ci,ci
2020-08-28T22:15:19.372Z,31.4576,-115.7222,10.0,2.3,ml,,100,0.084,0.77,us,us7000bemr,2020-11-07T18:48:32.040Z,"51 km ENE of San Vicente, Mexico",earthquake,1.9,2.0,0.062,34,reviewed,us,us
2020-08-27T23:18:14.840Z,31.5233333,-115.6826667,9.2,2.29,ml,8.0,124,0.1575,0.2,ci,ci39362791,2020-08-28T01:20:30.044Z,"86km ESE of Maneadero, B.C., MX",earthquake,0.56,31.61,0.161,12,reviewed,ci,ci
2020-08-27T13:55:42.280Z,31.501,-115.7128333,9.2,2.45,ml,9.0,106,0.1251,0.13,ci,ci39362007,2020-11-07T18:48:30.040Z,"84km ESE of Maneadero, B.C., MX",earthquake,0.56,31.61,0.078,11,reviewed,ci,ci
2020-08-27T12:03:24.990Z,31.5043333,-115.6613333,12.55,2.63,ml,9.0,100,0.1538,0.14,ci,ci37462469,2020-12-03T20:59:38.226Z,"89km ESE of Maneadero, B.C., MX",earthquake,0.69,1.41,0.162,6,reviewed,ci,ci
2020-08-27T09:35:55.897Z,31.4767,-115.6549,8.85,2.5,ml,,110,0.139,0.56,us,us7000bduy,2020-11-07T18:48:30.040Z,"58 km ENE of San Vicente, Mexico",earthquake,1.8,10.8,0.064,32,reviewed,us,us
2020-08-27T08:25:20.480Z,31.5108333,-115.6485,9.52,2.96,ml,13.0,101,0.1661,0.18,ci,ci39361735,2020-11-07T18:48:29.040Z,"90km ESE of Maneadero, B.C., MX",earthquake,0.2,31.61,0.17,89,reviewed,ci,ci
2020-08-26T20:37:46.761Z,31.4705,-115.7113,14.41,2.3,ml,,98,0.1,0.65,us,us7000be0g,2020-11-07T18:48:30.040Z,"53 km ENE of San Vicente, Mexico",earthquake,2.1,10.0,0.091,16,reviewed,us,us
2020-08-26T16:42:23.039Z,31.4692,-115.6588,10.0,2.8,ml,,112,0.132,1.24,us,us7000bd9n,2020-11-07T18:48:28.040Z,"58 km ENE of San Vicente, Mexico",earthquake,2.4,2.0,0.06,36,reviewed,us,us
2020-08-25T22:52:11.429Z,31.4996,-115.6615,10.0,2.2,ml,,101,0.15,0.99,us,us7000bdt5,2020-10-31T19:06:33.040Z,"58 km ENE of San Vicente, Mexico",earthquake,1.7,2.0,0.066,30,reviewed,us,us
2020-08-25T07:44:42.806Z,31.4886,-115.6853,10.0,2.4,ml,,99,0.128,0.59,us,us7000bd0a,2020-10-31T19:06:29.040Z,"56 km ENE of San Vicente, Mexico",earthquake,1.4,2.0,0.069,28,reviewed,us,us
2020-08-25T04:22:21.917Z,31.4497,-115.7337,8.2,2.5,ml,,98,0.072,0.66,us,us7000bcmz,2020-10-31T19:06:27.040Z,"50 km ENE of San Vicente, Mexico",earthquake,2.2,12.1,0.056,42,reviewed,us,us
2020-08-25T02:40:38.110Z,31.9601667,-116.1691667,18.51,2.25,ml,26.0,109,0.1931,0.23,ci,ci39358679,2020-08-25T21:23:31.612Z,"44km ENE of Ensenada, B.C., MX",earthquake,0.36,0.67,0.142,39,reviewed,ci,ci
2020-08-24T08:41:10.610Z,31.5006667,-115.6568333,9.4,2.35,ml,10.0,102,0.1539,0.23,ci,ci37453453,2020-08-24T22:03:25.907Z,"89km ESE of Maneadero, B.C., MX",earthquake,0.3,31.61,0.234,4,reviewed,ci,ci
2020-08-23T23:05:38.599Z,31.4423,-115.6689,10.0,3.3,ml,,123,0.11,1.32,us,us6000bjjd,2020-11-03T16:51:06.040Z,"56 km ENE of San Vicente, Mexico",earthquake,2.3,2.0,0.048,56,reviewed,us,us
2020-08-23T21:24:46.820Z,31.4507,-115.7085,15.0,3.3,ml,,109,0.087,0.67,us,us6000bjim,2020-10-31T19:06:21.040Z,"53 km ENE of San Vicente, Mexico",earthquake,1.9,7.0,0.048,56,reviewed,us,us
2020-08-23T15:23:47.036Z,31.4922,-115.6775,10.0,2.6,ml,,80,0.135,0.53,us,us7000bc5u,2020-10-31T19:06:24.040Z,"57 km ENE of San Vicente, Mexico",earthquake,1.6,2.0,0.062,34,reviewed,us,us
2020-08-23T06:45:44.893Z,31.4848,-115.6882,10.0,2.3,ml,,89,0.124,0.85,us,us7000bc5x,2020-10-31T19:06:24.040Z,"55 km ENE of San Vicente, Mexico",earthquake,2.0,2.0,0.071,26,reviewed,us,us
2020-08-22T20:37:11.723Z,31.4758,-115.6905,14.3,3.2,ml,,102,0.116,0.91,us,us6000bj6a,2020-10-31T19:06:17.040Z,"55 km ENE of San Vicente, Mexico",earthquake,1.8,6.8,0.049,54,reviewed,us,us
2020-08-22T11:31:15.915Z,31.4608,-115.6802,10.0,2.7,ml,,112,0.112,0.79,us,us7000bc61,2020-10-31T19:06:24.040Z,"55 km ENE of San Vicente, Mexico",earthquake,2.1,2.0,0.064,32,reviewed,us,us
2020-08-22T11:31:06.060Z,31.523,-115.615,-0.47,2.12,ml,7.0,102,0.1951,0.24,ci,ci37453421,2020-08-24T18:43:20.265Z,"89km SSW of Alberto Oviedo Mota, B.C., MX",earthquake,0.82,2.06,0.274,3,reviewed,ci,ci
2020-08-21T17:27:40.560Z,31.6625,-115.9678333,11.03,2.18,ml,15.0,169,0.3126,0.13,ci,ci39587728,2020-08-22T01:47:49.081Z,"57km E of Maneadero, B.C., MX",earthquake,0.47,1.05,0.211,15,reviewed,ci,ci
2020-08-21T11:25:41.230Z,31.4707,-115.696,13.22,2.4,ml,,103,0.109,0.63,us,us6000biby,2020-10-31T19:06:14.040Z,"54 km ENE of San Vicente, Mexico",earthquake,1.1,6.0,0.074,24,reviewed,us,us
2020-08-21T02:58:59.518Z,31.4825,-115.6982,10.0,2.5,ml,,98,0.116,0.72,us,us6000biel,2020-10-31T19:06:14.040Z,"54 km ENE of San Vicente, Mexico",earthquake,1.5,2.0,0.066,30,reviewed,us,us
2020-08-21T00:22:36.534Z,31.5175,-115.6886,10.0,2.2,ml,,101,0.149,1.23,us,us6000bisj,2020-10-31T19:06:15.040Z,"57 km ENE of San Vicente, Mexico",earthquake,3.2,2.0,0.077,22,reviewed,us,us
2020-08-21T00:01:08.440Z,31.4983333,-115.6451667,9.2,2.09,ml,9.0,106,0.1595,0.15,ci,ci39586824,2020-08-24T22:56:55.272Z,"91km ESE of Maneadero, B.C., MX",earthquake,0.3,31.61,0.188,7,reviewed,ci,ci
2020-08-20T14:38:22.750Z,31.5285,-115.636,7.25,2.85,ml,10.0,98,0.1862,0.12,ci,ci39585880,2020-10-31T19:06:11.040Z,"89km SSW of Alberto Oviedo Mota, B.C., MX",earthquake,0.68,2.07,0.149,60,reviewed,ci,ci
2020-08-20T14:26:00.809Z,31.4877,-115.6884,10.0,2.6,ml,,99,0.126,1.13,us,us6000bhvc,2020-10-31T19:06:12.040Z,"56 km ENE of San Vicente, Mexico",earthquake,1.8,2.0,0.085,18,reviewed,us,us
2020-08-20T00:48:00.195Z,31.463,-115.7005,14.3,2.7,ml,,71,0.101,0.63,us,us6000bhhi,2020-10-31T19:06:10.040Z,"54 km ENE of San Vicente, Mexico",earthquake,1.6,7.5,0.06,36,reviewed,us,us
2020-08-19T15:16:12.093Z,31.481,-115.6799,10.0,2.6,ml,,71,0.126,0.83,us,us6000bh4f,2020-10-31T19:06:08.040Z,"56 km ENE of San Vicente, Mexico",earthquake,1.3,2.0,0.071,26,reviewed,us,us
2020-08-19T14:12:41.057Z,31.487,-115.6951,10.0,2.4,ml,,131,0.121,0.59,us,us6000bh4c,2020-10-31T19:06:08.040Z,"55 km ENE of San Vicente, Mexico",earthquake,2.7,2.0,0.056,42,reviewed,us,us
2020-08-19T10:32:25.298Z,31.4528,-115.6349,10.0,2.4,ml,,158,0.141,0.83,us,us6000bhc7,2020-10-31T19:06:09.040Z,"59 km ENE of San Vicente, Mexico",earthquake,2.0,2.0,0.069,28,reviewed,us,us
2020-08-19T09:29:55.570Z,31.5271667,-115.7066667,9.4,2.79,ml,20.0,146,0.1506,0.26,ci,ci39584080,2020-10-31T19:06:08.040Z,"84km ESE of Maneadero, B.C., MX",earthquake,0.32,31.61,0.184,82,reviewed,ci,ci
2020-08-19T02:57:01.460Z,31.4843333,-115.6005,8.82,2.12,ml,5.0,245,0.1822,0.04,ci,ci39583760,2020-08-20T16:42:53.204Z,"92km SSW of Alberto Oviedo Mota, B.C., MX",earthquake,0.61,31.61,0.136,9,reviewed,ci,ci
2020-08-18T18:01:51.835Z,31.4926,-115.6193,10.0,2.1,ml,,106,0.582,0.71,us,us6000bgtk,2020-10-28T21:44:14.040Z,"62 km ENE of San Vicente, Mexico",earthquake,2.1,2.0,0.064,32,reviewed,us,us
2020-08-18T15:38:47.750Z,31.4265,-115.5483,11.4,2.4,ml,,283,0.669,0.43,us,us6000bhxp,2020-10-28T21:44:14.040Z,"67 km E of San Vicente, Mexico",earthquake,4.4,12.4,0.105,12,reviewed,us,us
2020-08-18T12:28:10.820Z,31.525,-115.649,1.12,2.42,ml,15.0,295,0.5419,0.16,ci,ci39349095,2020-08-18T19:11:11.591Z,"90km ESE of Maneadero, B.C., MX",earthquake,0.99,1.15,0.105,29,reviewed,ci,ci
2020-08-18T12:26:34.519Z,31.4737,-115.6376,14.46,2.5,ml,,237,0.591,0.45,us,us6000bgnm,2020-10-24T20:09:04.040Z,"60 km ENE of San Vicente, Mexico",earthquake,1.7,11.3,0.069,28,reviewed,us,us
2020-08-18T09:02:23.680Z,31.5123333,-115.6266667,6.75,2.48,ml,10.0,297,0.5621,0.2,ci,ci39348967,2020-10-24T20:09:03.040Z,"90km SSW of Alberto Oviedo Mota, B.C., MX",earthquake,1.11,1.23,0.144,28,reviewed,ci,ci
2020-08-18T07:41:24.080Z,31.5055,-115.6833333,8.38,3.04,ml,12.0,234,0.5465,0.28,ci,ci39348919,2020-10-24T20:09:02.040Z,"87km ESE of Maneadero, B.C., MX",earthquake,1.11,31.61,0.164,118,reviewed,ci,ci
2020-08-18T06:38:45.256Z,31.3924,-115.7206,10.0,2.4,ml,,230,0.64,0.62,us,us6000bhxc,2020-10-24T20:09:09.040Z,"50 km E of San Vicente, Mexico",earthquake,3.1,2.0,0.059,38,reviewed,us,us
2020-08-18T06:04:47.580Z,32.4155,-115.4705,10.63,2.24,ml,35.0,106,0.14,0.24,ci,ci39348879,2020-08-18T14:41:27.283Z,"20km SSW of Puebla, B.C., MX",earthquake,0.32,0.87,0.146,45,reviewed,ci,ci
2020-08-18T06:03:23.910Z,31.5388333,-115.6766667,0.96,2.38,ml,17.0,252,0.5189,0.19,ci,ci39348871,2020-08-18T14:32:03.591Z,"87km ESE of Maneadero, B.C., MX",earthquake,1.23,1.46,0.136,17,reviewed,ci,ci
2020-08-18T05:03:06.459Z,31.3602,-115.7218,10.0,2.3,ml,,219,0.67,0.53,us,us6000bgkf,2020-10-24T20:09:03.040Z,"50 km E of San Vicente, Mexico",earthquake,2.7,2.0,0.059,38,reviewed,us,us
2020-08-17T22:06:16.440Z,31.4059,-115.728,10.0,2.4,ml,,263,0.625,0.56,us,us6000bgl2,2020-10-24T20:09:03.040Z,"50 km E of San Vicente, Mexico",earthquake,1.6,2.0,0.085,18,reviewed,us,us
2020-08-17T21:10:45.108Z,31.3696,-115.6832,10.0,2.7,ml,,248,0.672,0.76,us,us6000bgb5,2020-10-24T20:09:00.040Z,"53 km E of San Vicente, Mexico",earthquake,3.2,2.0,0.071,26,reviewed,us,us
2020-08-17T20:45:28.230Z,31.5025,-115.698,8.38,2.55,ml,14.0,252,0.5442,0.24,ci,ci39348247,2020-10-24T20:09:00.040Z,"86km ESE of Maneadero, B.C., MX",earthquake,0.82,31.61,0.122,23,reviewed,ci,ci
2020-08-17T19:47:02.560Z,31.515,-115.6708333,9.19,2.26,ml,13.0,272,0.5424,0.19,ci,ci39348151,2020-08-18T21:25:21.514Z,"88km ESE of Maneadero, B.C., MX",earthquake,0.75,31.61,0.014,4,reviewed,ci,ci
2020-08-17T19:39:44.261Z,31.4836,-115.6861,10.0,2.5,ml,,236,0.565,0.77,us,us6000bgbt,2020-10-24T20:09:00.040Z,"56 km ENE of San Vicente, Mexico",earthquake,3.1,2.0,0.091,16,reviewed,us,us
2020-08-17T18:59:33.600Z,31.5718333,-115.6205,9.55,2.43,ml,15.0,227,0.5139,0.24,ci,ci39348079,2020-08-18T21:37:49.600Z,"84km SSW of Alberto Oviedo Mota, B.C., MX",earthquake,0.98,31.61,0.178,18,reviewed,ci,ci
2020-08-17T17:34:30.196Z,31.442,-115.7562,10.0,3.4,ml,,128,0.584,0.65,us,us6000bg32,2022-06-19T01:12:48.127Z,"48 km ENE of San Vicente, Mexico",earthquake,3.0,2.0,0.053,46,reviewed,us,us
2020-08-17T17:29:19.119Z,31.4296,-115.7263,10.0,2.2,ml,,233,0.603,0.55,us,us6000bg50,2020-10-24T20:09:00.040Z,"50 km ENE of San Vicente, Mexico",earthquake,2.4,2.0,0.105,12,reviewed,us,us
2020-08-17T17:05:45.046Z,31.4221,-115.6424,10.0,2.6,ml,,259,0.636,0.65,us,us6000bg2j,2020-10-24T20:08:59.040Z,"58 km E of San Vicente, Mexico",earthquake,4.3,2.0,0.105,12,reviewed,us,us
2020-08-17T17:05:08.141Z,31.495,-115.6969,10.0,2.8,ml,,105,0.551,0.99,us,us6000bg23,2020-10-24T20:08:59.040Z,"55 km ENE of San Vicente, Mexico",earthquake,1.7,2.0,0.062,34,reviewed,us,us
2020-08-17T16:51:39.100Z,31.5543333,-115.62,8.38,2.25,ml,12.0,315,0.5289,0.31,ci,ci39347879,2020-08-17T19:11:22.564Z,"86km SSW of Alberto Oviedo Mota, B.C., MX",earthquake,1.49,31.61,0.108,13,reviewed,ci,ci
2020-08-17T16:38:01.714Z,31.5623,-115.7153,10.0,2.5,ml,,227,0.483,1.25,us,us6000bg0n,2020-10-24T20:08:59.040Z,"56 km ENE of San Vicente, Mexico",earthquake,3.4,2.0,0.081,20,reviewed,us,us
2020-08-17T16:35:18.653Z,31.4812,-115.6344,10.0,3.0,ml,,207,0.586,1.18,us,us6000bg2m,2022-06-19T01:12:24.194Z,"60 km ENE of San Vicente, Mexico",earthquake,3.0,2.0,0.06,36,reviewed,us,us
2020-08-17T16:29:54.920Z,31.523,-115.6843333,9.19,3.72,mw,21.0,232,0.5303,0.21,ci,ci39347839,2022-06-19T00:33:43.600Z,"86km ESE of Maneadero, B.C., MX",earthquake,0.7,31.61,,4,reviewed,ci,ci
2020-08-17T16:26:08.110Z,31.555,-115.6263333,8.38,2.31,ml,7.0,323,0.5255,0.33,ci,ci37452813,2020-08-17T16:56:18.117Z,"86km SSW of Alberto Oviedo Mota, B.C., MX",earthquake,2.54,31.61,0.099,4,reviewed,ci,ci
2020-08-17T16:25:14.710Z,31.4895,-115.646,10.0,2.2,ml,,263,0.574,0.82,us,us6000bg0m,2020-10-28T21:44:14.040Z,"59 km ENE of San Vicente, Mexico",earthquake,3.7,2.0,0.085,18,reviewed,us,us
2020-08-17T16:22:58.909Z,31.5774,-115.6912,10.0,2.3,ml,,225,0.478,1.17,us,us6000bg2q,2020-10-24T20:08:59.040Z,"59 km ENE of San Vicente, Mexico",earthquake,2.5,2.0,0.077,22,reviewed,us,us
2020-08-17T16:11:00.513Z,31.396,-115.6664,10.0,2.3,ml,,256,0.652,0.7,us,us6000bg43,2020-10-28T21:44:14.040Z,"55 km E of San Vicente, Mexico",earthquake,2.9,2.0,0.091,16,reviewed,us,us
2020-08-17T16:05:55.400Z,31.5045,-115.7021667,1.0,2.34,ml,13.0,235,0.541,0.2,ci,ci37452829,2020-08-18T00:08:26.207Z,"85km ESE of Maneadero, B.C., MX",earthquake,1.09,1.42,0.187,7,reviewed,ci,ci
2020-08-17T16:05:12.530Z,31.541,-115.682,2.23,2.79,ml,17.0,248,0.5149,0.21,ci,ci39347751,2020-10-24T20:09:00.040Z,"86km ESE of Maneadero, B.C., MX",earthquake,0.83,1.41,0.116,4,reviewed,ci,ci
2020-08-17T16:01:19.240Z,31.5103333,-115.6281667,9.19,2.56,ml,15.0,249,0.5633,0.15,ci,ci39347743,2020-10-24T20:09:00.040Z,"91km SSW of Alberto Oviedo Mota, B.C., MX",earthquake,0.64,31.61,0.15,37,reviewed,ci,ci
2020-08-17T15:57:09.383Z,31.4191,-115.7002,10.0,2.4,ml,,261,0.621,0.37,us,us6000bg3i,2020-10-24T20:09:00.040Z,"53 km E of San Vicente, Mexico",earthquake,3.7,2.0,0.115,10,reviewed,us,us
2020-08-17T15:32:40.777Z,31.3613,-115.6231,10.0,4.3,mwr,,242,0.698,0.79,us,us6000bfzq,2020-10-24T20:08:59.040Z,"59 km E of San Vicente, Mexico",earthquake,2.4,2.0,,6,reviewed,us,ci
2020-08-17T15:31:39.571Z,31.4138,-115.7552,10.0,4.5,mb,,229,0.611,0.47,us,us6000bg04,2020-10-24T20:08:59.040Z,"47 km ENE of San Vicente, Mexico",earthquake,2.7,1.8,0.27,5,reviewed,us,us
2020-08-17T15:30:33.530Z,31.5366667,-115.6613333,16.22,5.12,mw,42.0,231,0.5267,0.34,ci,ci39347679,2025-12-22T18:40:38.654Z,"88km ESE of Maneadero, B.C., MX",earthquake,0.72,0.81,,6,reviewed,ci,ci
2020-08-17T15:09:03.818Z,31.4445,-115.5807,10.0,4.4,mwr,,98,0.64,0.64,us,us6000bfyt,2021-02-19T19:22:19.139Z,"64 km ENE of San Vicente, Mexico",earthquake,3.4,2.0,0.037,69,reviewed,us,us
2020-08-11T21:52:38.820Z,31.7265,-115.9631667,12.85,3.03,ml,25.0,222,0.2778,0.23,ci,ci39341359,2020-10-21T22:04:11.040Z,"57km E of Maneadero, B.C., MX",earthquake,0.61,0.75,0.153,103,reviewed,ci,ci
2020-08-11T10:30:40.720Z,32.4148333,-115.2541667,5.9,2.38,ml,34.0,100,0.04325,0.4,ci,ci39340543,2020-08-11T15:07:22.510Z,"9km NW of Delta, B.C., MX",earthquake,0.57,1.25,0.175,61,reviewed,ci,ci
2020-08-09T01:01:40.500Z,31.3321,-114.4264,10.0,2.6,ml,,224,0.682,0.83,us,us6000bdnq,2020-10-21T22:04:12.040Z,"39 km S of Golfo de Santa Clara, Mexico",earthquake,3.2,2.0,0.066,30,reviewed,us,us
2020-08-08T23:18:09.126Z,31.5165,-114.4463,10.0,2.8,ml,,194,0.843,0.66,us,us6000bb8q,2020-10-21T22:03:59.040Z,"19 km SSE of Golfo de Santa Clara, Mexico",earthquake,4.0,2.0,0.055,44,reviewed,us,us
2020-08-05T00:42:17.440Z,31.6216667,-116.1815,12.43,2.23,ml,7.0,178,0.4098,0.14,ci,ci39330839,2020-08-05T17:56:38.970Z,"38km ESE of Maneadero, B.C., MX",earthquake,0.54,1.79,0.11,13,reviewed,ci,ci
2020-08-03T10:12:30.780Z,32.4078333,-115.2256667,7.1,2.29,ml,28.0,69,0.0681,0.32,ci,ci39328047,2020-08-06T21:57:46.733Z,"7km NNW of Delta, B.C., MX",earthquake,0.43,1.09,0.195,24,reviewed,ci,ci
2020-08-02T15:16:36.350Z,32.3581667,-115.215,27.35,2.22,ml,25.0,177,0.09766,0.29,ci,ci39327383,2020-08-07T00:25:30.527Z,"2km W of Delta, B.C., MX",earthquake,0.58,0.65,0.163,46,reviewed,ci,ci
2020-08-01T13:41:52.270Z,32.3721667,-115.3945,15.98,2.34,ml,26.0,114,0.08922,0.28,ci,ci39326375,2020-08-04T18:47:39.956Z,"19km W of Delta, B.C., MX",earthquake,0.47,1.39,0.14,46,reviewed,ci,ci
2020-08-01T00:02:56.530Z,31.5615,-114.442,5.96,2.9,ml,10.0,173,0.7475,0.23,ci,ci39325887,2020-10-10T17:11:11.040Z,"88km SE of Estacion Coahuila, B.C., MX",earthquake,0.72,31.61,0.177,22,reviewed,ci,ci
2020-07-29T12:24:03.014Z,23.8934,-112.0855,10.0,4.0,mb,,235,1.638,0.93,us,us6000b62b,2020-10-10T17:11:00.040Z,"99 km S of Puerto San Carlos, Mexico",earthquake,6.8,2.0,0.139,14,reviewed,us,us
2020-07-29T10:39:22.460Z,31.6271667,-115.6383333,-0.51,2.38,ml,18.0,162,0.2659,0.17,ci,ci38614434,2023-10-10T22:57:45.798Z,"80 km SSW of Alberto Oviedo Mota, B.C., MX",earthquake,0.46,1.14,0.176,31,reviewed,ci,ci
2020-07-29T09:58:59.910Z,32.1908333,-117.6685,21.96,2.1,ml,20.0,306,0.6096,0.18,ci,ci38614402,2023-03-07T23:13:29.541Z,"62km WSW of Rosarito, B.C., MX",earthquake,0.7,2.42,0.157,35,reviewed,ci,ci
2020-07-27T21:43:04.300Z,31.2736667,-115.7353333,12.36,3.41,ml,8.0,271,0.1245,0.03,ci,ci38612074,2020-07-28T14:27:48.280Z,"93km ESE of Maneadero, B.C., MX",earthquake,0.28,0.16,0.153,126,reviewed,ci,ci
2020-07-26T21:57:10.030Z,32.3868333,-115.2673333,0.98,2.7,ml,32.0,75,0.04557,0.33,ci,ci38610306,2020-10-03T17:32:26.040Z,"8km WNW of Delta, B.C., MX",earthquake,0.39,0.86,0.162,25,reviewed,ci,ci
2020-07-25T12:01:47.070Z,31.2565,-115.7475,12.56,3.36,ml,4.0,321,0.1381,0.08,ci,ci38608210,2021-08-11T19:53:08.729Z,"93km ESE of Maneadero, B.C., MX",earthquake,0.74,0.34,0.124,45,reviewed,ci,ci
2020-07-22T09:05:38.530Z,32.2451667,-115.2246667,26.93,2.65,ml,24.0,101,0.1867,0.3,ci,ci38602194,2021-08-11T18:03:18.610Z,"6km WNW of Alberto Oviedo Mota, B.C., MX",earthquake,0.63,0.76,0.218,50,reviewed,ci,ci
2020-07-21T16:59:46.730Z,31.2575,-115.4006667,4.82,2.71,ml,6.0,304,0.3542,0.06,ci,ci38601098,2023-10-05T23:20:39.918Z,"110 km SSW of Alberto Oviedo Mota, B.C., MX",earthquake,0.48,31.61,0.14,38,reviewed,ci,ci
2020-07-01T02:56:22.510Z,32.4888333,-115.5995,2.59,2.02,ml,28.0,100,0.1926,0.3,ci,ci39274887,2021-03-05T21:48:34.482Z,"10km S of Progreso, B.C., MX",earthquake,0.42,1.45,0.135,35,reviewed,ci,ci
2020-06-30T17:19:21.450Z,32.2251667,-115.2405,16.58,3.21,ml,36.0,88,0.1595,0.36,ci,ci39274191,2020-09-05T17:35:37.040Z,"7km W of Alberto Oviedo Mota, B.C., MX",earthquake,0.5,1.1,0.216,116,reviewed,ci,ci
2020-06-23T15:22:18.340Z,31.6238333,-115.638,5.41,2.55,ml,13.0,143,0.2631,0.25,ci,ci39492048,2020-08-30T00:01:10.040Z,"80km SSW of Alberto Oviedo Mota, B.C., MX",earthquake,0.34,31.61,0.152,45,reviewed,ci,ci
2020-06-21T21:31:06.400Z,31.0766667,-115.9585,-1.61,3.3,ml,15.0,292,0.9253,0.19,ci,ci39489112,2023-10-12T13:50:28.370Z,"92 km SE of Maneadero, B.C., MX",earthquake,1.21,0.57,0.14,10,reviewed,ci,ci
2020-06-09T12:15:30.180Z,32.4276667,-117.7311667,5.91,2.21,ml,24.0,228,0.5227,0.34,ci,ci39471184,2020-06-09T18:09:25.240Z,"59km WSW of Coronado, CA",earthquake,1.05,31.61,0.114,49,reviewed,ci,ci
2020-06-09T06:13:18.600Z,31.9031667,-117.2281667,23.71,3.26,ml,29.0,266,0.4808,0.23,ci,ci39470888,2020-08-18T17:59:09.040Z,"46km SW of Primo Tapia, B.C., MX",earthquake,0.62,0.49,0.175,189,reviewed,ci,ci
2020-06-03T17:22:55.840Z,31.5418333,-115.4818333,3.71,2.48,ml,6.0,250,0.2986,0.02,ci,ci39461752,2021-08-03T22:48:54.753Z,"82km SSW of Alberto Oviedo Mota, B.C., MX",earthquake,0.48,1.2,0.114,4,reviewed,ci,ci
2020-05-28T02:28:17.390Z,31.7808333,-115.9255,14.74,2.88,ml,22.0,149,0.2241,0.26,ci,ci39220119,2020-08-15T20:19:40.040Z,"61km E of Maneadero, B.C., MX",earthquake,0.58,0.89,0.179,85,reviewed,ci,ci
2020-05-26T14:51:40.860Z,32.0728333,-116.6135,10.53,2.39,ml,22.0,128,0.2089,0.29,ci,ci39217863,2020-05-26T19:47:00.008Z,"20km NNE of El Sauzal, B.C., MX",earthquake,0.5,1.54,0.189,22,reviewed,ci,ci
2020-05-25T17:47:27.870Z,31.325,-115.9803333,5.92,2.84,ml,7.0,246,0.1805,0.06,ci,ci39216279,2021-02-06T01:55:53.677Z,"71km SE of Maneadero, B.C., MX",earthquake,0.6,2.33,0.152,62,reviewed,ci,ci
2020-05-24T07:02:00.410Z,32.2733333,-115.1086667,13.58,2.35,ml,23.0,115,0.04043,0.33,ci,ci39213951,2020-05-27T14:32:40.537Z,"2km SSW of Guadalupe Victoria, B.C., MX",earthquake,0.55,0.88,0.246,28,reviewed,ci,ci
2020-05-22T13:41:43.090Z,31.807,-115.039,5.96,2.65,ml,20.0,180,0.2926,0.32,ci,ci39211527,2020-08-08T18:17:50.040Z,"43km S of Estacion Coahuila, B.C., MX",earthquake,0.5,31.61,0.212,62,reviewed,ci,ci
2020-05-22T11:44:11.350Z,32.1803333,-115.1975,21.25,2.27,ml,23.0,94,0.1598,0.28,ci,ci39211351,2020-05-22T17:03:46.165Z,"6km SSW of Alberto Oviedo Mota, B.C., MX",earthquake,0.44,0.94,0.203,22,reviewed,ci,ci
2020-05-19T07:15:39.270Z,32.4066667,-115.2175,9.9,3.16,ml,37.0,69,0.07511,0.41,ci,ci39206855,2020-08-02T00:28:21.040Z,"6km NNW of Delta, B.C., MX",earthquake,0.49,1.16,0.14,73,reviewed,ci,ci
2020-05-19T07:13:35.770Z,32.3895,-115.2146667,8.04,2.79,ml,19.0,113,0.08206,0.37,ci,ci37445957,2020-08-02T00:28:21.040Z,"4km NNW of Delta, B.C., MX",earthquake,0.66,1.72,0.167,18,reviewed,ci,ci
2020-05-19T07:13:09.300Z,32.4111667,-115.2208333,5.42,2.72,ml,29.0,68,0.07167,0.31,ci,ci39206847,2020-08-02T00:28:21.040Z,"7km NNW of Delta, B.C., MX",earthquake,0.43,1.19,0.17,41,reviewed,ci,ci
2020-05-14T09:29:53.410Z,31.8728333,-115.757,9.28,2.93,ml,34.0,100,0.209,0.34,ci,ci39199711,2020-08-02T00:32:05.040Z,"68km SW of Alberto Oviedo Mota, B.C., MX",earthquake,0.32,1.35,0.154,10,reviewed,ci,ci
2020-05-13T07:29:18.950Z,32.4851667,-115.2188333,17.31,2.09,ml,24.0,201,0.2137,0.26,ci,ci38491898,2020-05-13T17:13:38.199Z,"15km N of Delta, B.C., MX",earthquake,0.72,1.28,0.155,42,reviewed,ci,ci
2020-05-08T02:38:10.170Z,31.8765,-115.7098333,8.83,2.63,ml,16.0,175,0.2395,0.18,ci,ci38484874,2020-07-29T22:14:18.040Z,"64km SW of Alberto Oviedo Mota, B.C., MX",earthquake,0.48,1.51,0.174,45,reviewed,ci,ci
2020-05-04T02:39:35.730Z,31.9803333,-117.2763333,5.65,2.39,ml,17.0,259,0.5322,0.25,ci,ci38478578,2021-02-04T18:08:22.228Z,"43km SW of Primo Tapia, B.C., MX",earthquake,0.8,31.61,0.129,52,reviewed,ci,ci
2020-04-30T23:19:47.010Z,32.374,-115.419,16.17,2.4,ml,27.0,113,0.1066,0.3,ci,ci38475018,2020-05-02T00:33:14.470Z,"21km W of Delta, B.C., MX",earthquake,0.65,1.53,0.186,78,reviewed,ci,ci
2020-04-28T19:49:04.970Z,32.3386667,-115.554,4.94,2.36,ml,33.0,116,0.2256,0.21,ci,ci39408968,2020-04-30T16:16:25.790Z,"27km S of Progreso, B.C., MX",earthquake,0.29,1.46,0.267,21,reviewed,ci,ci
2020-04-27T21:42:43.330Z,31.9613333,-117.3055,5.7,3.43,ml,35.0,264,0.5531,0.28,ci,ci39407880,2020-07-11T22:19:13.040Z,"46km SW of Primo Tapia, B.C., MX",earthquake,0.64,31.61,0.157,169,reviewed,ci,ci
2020-04-26T09:35:25.370Z,32.142,-116.7086667,16.02,2.1,ml,27.0,150,0.1748,0.2,ci,ci39406272,2020-04-28T14:40:15.498Z,"22km ESE of Primo Tapia, B.C., MX",earthquake,0.48,0.92,0.114,41,reviewed,ci,ci
2020-04-24T22:12:38.810Z,31.8663333,-116.1958333,15.21,2.51,ml,12.0,128,0.2519,0.2,ci,ci39404696,2020-07-11T22:18:59.040Z,"39km ENE of Maneadero, B.C., MX",earthquake,0.52,2.46,0.12,54,reviewed,ci,ci
2020-04-23T15:42:04.460Z,32.3665,-115.2096667,12.04,2.67,ml,27.0,122,0.09643,0.32,ci,ci39402760,2020-07-11T22:18:54.040Z,"2km NW of Delta, B.C., MX",earthquake,0.79,1.46,0.178,27,reviewed,ci,ci
2020-04-22T01:06:41.978Z,31.5852,-109.1083,21.23,3.5,ml,,111,0.255,0.45,us,us700091f5,2020-07-11T22:19:20.040Z,"28 km SSW of Rodeo, New Mexico",earthquake,2.8,8.3,0.05,52,reviewed,us,us
2020-04-10T23:47:39.240Z,31.7113333,-116.041,14.66,2.68,ml,15.0,142,0.3031,0.19,ci,ci39381680,2020-06-30T14:02:53.040Z,"50km E of Maneadero, B.C., MX",earthquake,0.38,0.87,0.132,76,reviewed,ci,ci
2020-04-10T09:42:18.140Z,32.3595,-115.307,10.3,2.99,ml,33.0,109,0.05985,0.31,ci,ci39380472,2020-06-30T14:02:51.040Z,"11km W of Delta, B.C., MX",earthquake,0.43,0.95,0.2,60,reviewed,ci,ci
2020-04-10T07:21:30.550Z,32.3496667,-115.3141667,4.98,2.7,ml,31.0,110,0.07006,0.26,ci,ci39380312,2020-06-30T14:02:51.040Z,"11km W of Delta, B.C., MX",earthquake,0.44,1.16,0.148,51,reviewed,ci,ci
2020-04-10T05:55:57.000Z,32.3471667,-116.4253333,20.81,2.33,ml,37.0,74,0.2046,0.19,ci,ci39380248,2020-04-13T18:39:08.260Z,"29km S of Campo, CA",earthquake,0.33,0.97,0.155,60,reviewed,ci,ci
2020-04-10T05:49:11.230Z,32.3551667,-116.4251667,23.97,3.4,ml,55.0,73,0.2062,0.22,ci,ci39380224,2022-06-16T17:49:17.593Z,"28km S of Campo, CA",earthquake,0.32,0.72,0.162,255,reviewed,ci,ci
2020-04-07T09:15:34.106Z,28.0019,-111.9706,10.0,4.3,mb,,160,3.169,1.14,us,us70008qgs,2020-06-21T00:55:16.040Z,"78 km NNE of Santa Rosalía, Mexico",earthquake,7.7,2.0,0.238,5,reviewed,us,us
2020-04-02T13:24:39.540Z,32.2611667,-115.2731667,15.93,2.65,ml,25.0,98,0.1602,0.29,ci,ci39124591,2020-06-21T00:54:42.040Z,"10km WNW of Alberto Oviedo Mota, B.C., MX",earthquake,0.53,0.98,0.167,48,reviewed,ci,ci
2020-04-01T23:38:06.707Z,29.9683,-114.1944,10.0,4.3,mb,,166,1.207,1.35,us,us70008l20,2020-06-21T00:54:36.040Z,"132 km SSE of San Felipe, Mexico",earthquake,5.2,2.0,0.089,36,reviewed,us,us
2020-03-21T03:22:42.840Z,31.911,-116.181,12.45,2.15,ml,14.0,169,0.219,0.18,ci,ci39109871,2020-03-23T14:56:38.474Z,"42km E of Ensenada, B.C., MX",earthquake,0.47,1.27,0.11,21,reviewed,ci,ci
2020-03-15T22:53:26.980Z,31.8681667,-116.1088333,17.74,2.39,ml,11.0,122,0.193,0.12,ci,ci38394898,2020-05-30T22:17:12.040Z,"46km ENE of Maneadero, B.C., MX",earthquake,0.24,0.5,0.169,37,reviewed,ci,ci
2020-03-15T12:38:55.260Z,31.6936667,-115.9078333,10.03,2.94,ml,17.0,126,0.3121,0.16,ci,ci38394594,2020-05-30T22:17:10.040Z,"62km E of Maneadero, B.C., MX",earthquake,0.31,0.8,0.128,62,reviewed,ci,ci
2020-03-07T03:52:03.180Z,31.6893333,-114.5405,9.98,5.49,mw,13.0,106,0.3208,0.35,ci,ci38385946,2025-12-22T18:30:37.537Z,"71km SE of Estacion Coahuila, B.C., MX",earthquake,0.78,31.61,,6,reviewed,ci,ci
2020-03-06T15:52:42.710Z,32.2188333,-115.2065,18.12,2.25,ml,21.0,107,0.1387,0.3,ci,ci38385282,2020-03-06T23:55:11.488Z,"4km WSW of Alberto Oviedo Mota, B.C., MX",earthquake,0.79,1.09,0.227,29,reviewed,ci,ci
2020-03-03T02:54:18.630Z,32.1455,-115.1141667,15.64,3.25,ml,23.0,140,0.131,0.32,ci,ci39089087,2020-05-19T22:14:21.040Z,"10km SSE of Alberto Oviedo Mota, B.C., MX",earthquake,0.85,1.21,0.169,24,reviewed,ci,ci
2020-02-29T14:51:08.560Z,32.4068333,-115.2171667,5.95,2.17,ml,18.0,108,0.07536,0.36,ci,ci39087439,2020-03-03T00:57:53.859Z,"6km NNW of Delta, B.C., MX",earthquake,0.72,31.61,0.181,52,reviewed,ci,ci
2020-02-29T01:25:00.800Z,32.3968333,-115.216,5.95,2.32,ml,24.0,110,0.0786,0.46,ci,ci39087031,2020-03-03T00:44:24.652Z,"5km NNW of Delta, B.C., MX",earthquake,0.83,31.61,0.17,73,reviewed,ci,ci
2020-02-22T09:20:52.780Z,32.3263333,-115.3511667,28.12,2.67,ml,32.0,113,0.1008,0.24,ci,ci39080519,2020-05-09T21:41:11.040Z,"15km WSW of Delta, B.C., MX",earthquake,0.37,0.51,0.168,56,reviewed,ci,ci
2020-02-22T02:10:21.460Z,32.2746667,-115.328,5.95,2.2,ml,24.0,122,0.1457,0.27,ci,ci39080255,2020-02-24T20:38:35.197Z,"16km SW of Delta, B.C., MX",earthquake,0.66,31.61,0.185,39,reviewed,ci,ci
2020-02-22T02:00:01.190Z,31.8928333,-115.583,5.5,2.51,ml,20.0,137,0.3298,0.42,ci,ci39080239,2020-05-09T21:40:44.040Z,"54km SW of Alberto Oviedo Mota, B.C., MX",earthquake,0.68,31.61,0.163,29,reviewed,ci,ci
2020-02-18T21:25:03.300Z,31.8581667,-115.0521667,5.95,2.7,ml,22.0,100,0.2799,0.33,ci,ci39075999,2020-05-02T22:10:25.040Z,"38km S of Estacion Coahuila, B.C., MX",earthquake,0.36,31.61,0.264,58,reviewed,ci,ci
2020-02-18T17:18:37.690Z,32.166,-115.1411667,24.0,2.44,ml,17.0,49,0.1473,0.27,ci,ci39075647,2024-02-01T18:53:54.994Z,"7 km SSE of Alberto Oviedo Mota, B.C., MX",earthquake,0.59,0.99,0.209,50,reviewed,ci,ci
2020-02-17T06:33:10.170Z,32.0591667,-116.362,20.13,2.29,ml,24.0,91,0.3201,0.22,ci,ci39074151,2020-02-19T19:02:23.105Z,"32km NE of Ensenada, B.C., MX",earthquake,0.36,1.84,0.169,9,reviewed,ci,ci
2020-02-17T06:32:06.550Z,32.0603333,-116.359,16.36,3.0,ml,59.0,91,0.3228,0.26,ci,ci39074143,2020-05-02T22:10:04.040Z,"32km NE of Ensenada, B.C., MX",earthquake,0.26,0.85,0.15,165,reviewed,ci,ci
2020-02-15T21:23:41.230Z,25.0563,-109.6626,10.0,4.6,mb,,111,1.117,0.82,us,us70007r0d,2025-12-22T18:29:19.790Z,"85 km SSW of Campo Pesquero el Colorado, Mexico",earthquake,6.6,1.9,0.08,46,reviewed,us,us
2020-02-15T02:25:44.530Z,31.2321667,-115.916,5.05,2.86,ml,8.0,214,0.1948,0.14,ci,ci39072127,2020-02-15T03:13:00.715Z,"82km SE of Maneadero, B.C., MX",earthquake,0.38,1.16,0.166,30,reviewed,ci,ci
2020-02-14T06:45:37.680Z,32.2776667,-115.2881667,21.77,2.02,ml,27.0,95,0.1421,0.25,ci,ci39071207,2020-02-14T19:43:41.166Z,"12km SW of Delta, B.C., MX",earthquake,0.49,1.05,0.252,26,reviewed,ci,ci
2020-02-13T12:03:11.690Z,31.7776667,-115.9126667,10.04,2.33,ml,10.0,154,0.2284,0.21,ci,ci39070255,2020-02-13T16:17:51.424Z,"62km E of Maneadero, B.C., MX",earthquake,0.59,1.24,0.13,31,reviewed,ci,ci
2020-02-13T08:16:46.832Z,29.0856,-113.1275,10.0,4.3,mb,,191,2.452,1.0,us,us70007p8d,2025-12-22T18:28:59.396Z,"94 km NE of San Luis, Mexico",earthquake,9.3,2.0,0.122,19,reviewed,us,us
2020-02-03T06:22:04.860Z,32.3896667,-115.2401667,4.78,2.23,ml,23.0,117,0.06239,0.29,ci,ci39290704,2020-02-04T16:39:46.677Z,"6km NW of Delta, B.C., MX",earthquake,0.44,1.15,0.171,28,reviewed,ci,ci
2020-01-31T07:45:37.110Z,32.3908333,-115.2363333,18.88,3.0,ml,35.0,73,0.06474,0.32,ci,ci39287680,2020-04-18T22:10:01.040Z,"6km NW of Delta, B.C., MX",earthquake,0.5,1.0,0.165,49,reviewed,ci,ci
2020-01-29T18:54:40.760Z,31.8003333,-116.2226667,18.04,3.4,ml,24.0,144,0.3101,0.28,ci,ci39286080,2020-04-18T22:09:53.040Z,"34km ENE of Maneadero, B.C., MX",earthquake,0.39,1.01,0.157,72,reviewed,ci,ci
2020-01-26T05:10:15.680Z,32.3768333,-115.2148333,22.14,2.3,ml,23.0,163,0.08734,0.28,ci,ci39282456,2020-01-29T16:43:17.873Z,"3km NW of Delta, B.C., MX",earthquake,0.7,1.46,0.196,25,reviewed,ci,ci
2020-01-22T22:04:59.970Z,31.535,-115.5111667,5.4,2.63,ml,8.0,108,0.2736,0.28,ci,ci37433181,2020-04-11T18:20:42.040Z,"84km SSW of Alberto Oviedo Mota, B.C., MX",earthquake,0.54,31.61,0.111,2,reviewed,ci,ci
2020-01-22T22:04:05.540Z,31.5276667,-115.5045,5.52,3.03,ml,13.0,111,0.2748,0.3,ci,ci39278656,2020-04-11T18:20:42.040Z,"84km SSW of Alberto Oviedo Mota, B.C., MX",earthquake,0.35,31.61,0.179,79,reviewed,ci,ci
2020-01-22T09:02:43.510Z,32.4161667,-115.2536667,4.8,2.13,ml,25.0,101,0.04354,0.32,ci,ci39277824,2020-01-22T18:55:43.423Z,"9km NW of Delta, B.C., MX",earthquake,0.5,1.52,0.195,29,reviewed,ci,ci
2020-01-22T08:52:56.340Z,32.413,-115.2503333,23.2,3.0,ml,41.0,69,0.04669,0.31,ci,ci39277800,2020-04-11T18:20:37.040Z,"8km NW of Delta, B.C., MX",earthquake,0.54,1.19,0.191,54,reviewed,ci,ci
2020-01-19T05:07:38.550Z,32.0016667,-116.1773333,14.77,2.25,ml,19.0,157,0.1949,0.18,ci,ci39275296,2020-01-22T19:31:17.117Z,"44km ENE of Ensenada, B.C., MX",earthquake,0.44,0.96,0.169,27,reviewed,ci,ci
2020-01-16T18:55:09.530Z,32.3926667,-115.1625,20.59,2.31,ml,25.0,101,0.1156,0.3,ci,ci39272632,2020-01-16T19:20:21.545Z,"5km NE of Delta, B.C., MX",earthquake,0.67,1.11,0.208,23,reviewed,ci,ci
2020-01-16T16:14:49.060Z,32.3848333,-115.1516667,21.16,2.97,ml,27.0,143,0.1038,0.29,ci,ci39272488,2020-04-08T19:40:13.040Z,"5km NE of Delta, B.C., MX",earthquake,0.56,1.06,0.207,27,reviewed,ci,ci
2020-01-16T15:50:16.020Z,32.3616667,-115.1408333,28.7,2.44,ml,21.0,154,0.08029,0.27,ci,ci39272448,2020-01-16T16:27:50.479Z,"5km E of Delta, B.C., MX",earthquake,0.56,0.69,0.247,22,reviewed,ci,ci
2020-01-16T11:03:24.830Z,31.5215,-115.5216,10.0,2.4,ml,,110,0.259,0.95,us,us700070vm,2020-04-08T19:40:12.040Z,"72 km ENE of San Vicente, Mexico",earthquake,1.8,2.0,0.071,26,reviewed,us,us
2020-01-15T08:49:20.490Z,32.3496667,-115.358,11.49,2.67,ml,30.0,118,0.08282,0.25,ci,ci39036791,2020-04-08T19:40:09.040Z,"16km W of Delta, B.C., MX",earthquake,0.38,0.77,0.158,60,reviewed,ci,ci
2020-01-12T20:18:45.530Z,31.9925,-116.1796667,14.87,2.06,ml,17.0,104,0.1972,0.21,ci,ci39033703,2020-01-14T16:39:32.188Z,"44km ENE of Ensenada, B.C., MX",earthquake,0.38,0.96,0.117,22,reviewed,ci,ci
2020-01-12T16:58:15.495Z,25.4678,-109.7957,10.0,4.2,mb,,112,0.695,1.15,us,us70006ytm,2020-04-02T21:28:21.040Z,"58 km SW of Campo Pesquero el Colorado, Mexico",earthquake,3.4,1.9,0.096,30,reviewed,us,us
2020-01-12T05:21:02.820Z,32.3661667,-115.2131667,27.69,3.98,mw,34.0,108,0.09415,0.31,ci,ci39033039,2024-10-16T23:32:46.290Z,"2km WNW of Delta, B.C., MX",earthquake,0.63,0.45,,4,reviewed,ci,ci
2020-01-04T13:26:06.993Z,31.6629,-109.1505,5.0,2.8,ml,,99,0.307,0.67,us,us70006up2,2020-03-21T17:13:03.040Z,"22 km SSW of Rodeo, New Mexico",earthquake,3.0,1.9,0.066,30,reviewed,us,us
2020-01-02T08:24:10.520Z,32.3765,-115.2178333,11.69,2.08,ml,22.0,164,0.0853,0.27,ci,ci39020615,2020-01-03T15:15:34.693Z,"3km NW of Delta, B.C., MX",earthquake,0.59,1.07,0.278,18,reviewed,ci,ci
